-- phpMyAdmin SQL Dump
-- version 5.2.1
-- https://www.phpmyadmin.net/
--
-- Host: 127.0.0.1
-- Generation Time: May 14, 2023 at 04:59 PM
-- Server version: 10.4.28-MariaDB
-- PHP Version: 8.0.28

SET SQL_MODE = "NO_AUTO_VALUE_ON_ZERO";
START TRANSACTION;
SET time_zone = "+00:00";


/*!40101 SET @OLD_CHARACTER_SET_CLIENT=@@CHARACTER_SET_CLIENT */;
/*!40101 SET @OLD_CHARACTER_SET_RESULTS=@@CHARACTER_SET_RESULTS */;
/*!40101 SET @OLD_COLLATION_CONNECTION=@@COLLATION_CONNECTION */;
/*!40101 SET NAMES utf8mb4 */;

--
-- Database: `kompiuteriu_pardavimas`
--

-- --------------------------------------------------------

--
-- Table structure for table `atminties_tipai`
--

CREATE TABLE `atminties_tipai` (
  `id_atminties_tipai` int(11) NOT NULL,
  `name` char(8) NOT NULL
) ENGINE=InnoDB DEFAULT CHARSET=utf8 COLLATE=utf8_lithuanian_ci;

--
-- Dumping data for table `atminties_tipai`
--

INSERT INTO `atminties_tipai` (`id_atminties_tipai`, `name`) VALUES
(1, 'SSD'),
(2, 'HDD'),
(3, 'NVMe SSD');

-- --------------------------------------------------------

--
-- Table structure for table `ausinimai`
--

CREATE TABLE `ausinimai` (
  `id_ausinimai` int(11) NOT NULL,
  `name` char(7) NOT NULL
) ENGINE=InnoDB DEFAULT CHARSET=utf8 COLLATE=utf8_lithuanian_ci;

--
-- Dumping data for table `ausinimai`
--

INSERT INTO `ausinimai` (`id_ausinimai`, `name`) VALUES
(1, 'Oro'),
(2, 'Vandens');

-- --------------------------------------------------------

--
-- Table structure for table `biurai`
--

CREATE TABLE `biurai` (
  `pavadinimas` varchar(255) NOT NULL,
  `adresas` varchar(255) NOT NULL,
  `telefonas` varchar(255) NOT NULL,
  `el_pastas` varchar(255) NOT NULL,
  `id_BIURAS` int(11) NOT NULL
) ENGINE=InnoDB DEFAULT CHARSET=utf8 COLLATE=utf8_lithuanian_ci;

--
-- Dumping data for table `biurai`
--

INSERT INTO `biurai` (`pavadinimas`, `adresas`, `telefonas`, `el_pastas`, `id_BIURAS`) VALUES
('Zoolab', '690 Jenifer Center', '6063749589', 'sbowater0@theatlantic.com', 1),
('Viva', '3 David Avenue', '4397074592', 'gwoollhead1@cbslocal.com', 2),
('Quo Lux', '37206 Schlimgen Point', '9837082309', 'tbrandenburg2@admin.ch', 3),
('Viva', '80530 Hintze Road', '3463018487', 'tplacidi3@google.es', 4),
('Bitchip', '9 Sugar Alley', '4335915266', 'kgrigoryov4@xing.com', 5),
('Wrapsafe', '5808 Arapahoe Court', '5229542893', 'giglesia5@4shared.com', 6),
('Y-Solowarm', '43973 Dennis Place', '7891030800', 'lreekie6@apple.com', 7),
('Ronstring', '1 Arizona Parkway', '9103622617', 'kdensham7@list-manage.com', 8),
('Cardguard', '9 Esker Hill', '4672551749', 'sgreyes8@netscape.com', 9),
('Rank', '82664 Roxbury Junction', '9697806349', 'labade9@loc.gov', 10),
('collaboration', '60138 Kim Circle', '7894967134', 'jbormana@comsenz.com', 11),
('Vision-oriented', '24983 Farmco Road', '6031660088', 'fveldmanb@si.edu', 12),
('website', '0931 Packers Street', '8112208299', 'khuebnerc@google.pl', 13),
('budgetary management', '31 American Terrace', '5647972272', 'mcuniamd@wix.com', 14),
('alliance', '6 Meadow Ridge Street', '4083969012', 'mabraminoe@cpanel.net', 15),
('systemic', '2223 Sheridan Park', '9785245633', 'dstanyardf@forbes.com', 16),
('real-time', '1273 Forest Parkway', '5669029196', 'jlauxg@nih.gov', 17),
('Horizontal', '34 Carberry Place', '8448431989', 'psamarth@bluehost.com', 18),
('approach', '6 Continental Hill', '2888605425', 'jperreei@opera.com', 19),
('analyzer', '0650 West Center', '1367696810', 'wfostenj@time.com', 20),
('maximized', '7751 Lighthouse Bay Way', '8637788867', 'nbeetk@cocolog-nifty.com', 21),
('secondary', '75 Mayfield Lane', '9042853464', 'kdenecampl@sohu.com', 22),
('grid-enabled', '4347 Maywood Lane', '9258984125', 'bblaineym@time.com', 23),
('Self-enabling', '82 Brentwood Parkway', '6294744074', 'sallmannn@ucsd.edu', 24),
('high-level', '52 Portage Road', '3872595207', 'hscamwello@google.co.uk', 25),
('background', '46244 Waywood Terrace', '7566355325', 'lhardikerp@hibu.com', 26),
('Phased', '38003 Iowa Junction', '5217076217', 'schurmsq@godaddy.com', 27),
('Multi-layered', '6464 Eastlawn Park', '2515153624', 'mbernuzzir@blog.com', 28),
('initiative', '778 Waywood Park', '5077420650', 'acassidys@spiegel.de', 29),
('definition', '29722 Fordem Drive', '6389963984', 'okenwoodt@freewebs.com', 30),
('optimal', '65 Arizona Park', '4552333756', 'bmacpharlainu@eepurl.com', 31),
('uniform', '010 Declaration Point', '8696333572', 'bmattosoffv@phpbb.com', 32),
('open architecture', '13466 Jay Trail', '5131125720', 'ethechamw@mac.com', 33),
('Visionary', '10989 Oakridge Alley', '2666512528', 'snormavillex@upenn.edu', 34),
('hub', '0423 Golf Street', '9041379532', 'sbernardoty@webeden.co.uk', 35),
('parallelism', '16 Laurel Center', '1313147349', 'ryaknovz@nifty.com', 36),
('Graphical User Interface', '2 Tennessee Avenue', '3427576784', 'azanussii10@github.io', 37),
('executive', '258 Schiller Pass', '7705341157', 'cjansik11@irs.gov', 38),
('ability', '24 Spaight Court', '5478599086', 'cmccoole12@mail.ru', 39),
('challenge', '3363 Shoshone Road', '5049256707', 'wferdinand13@latimes.com', 40),
('Synergized', '3981 Myrtle Park', '5126535028', 'idarke14@xing.com', 41),
('product', '4 Lillian Circle', '7781639290', 'bpaddy15@abc.net.au', 42),
('multi-tasking', '1 Aberg Road', '6874791170', 'ogrange16@mozilla.com', 43),
('leading edge', '283 5th Way', '5232956533', 'llefridge17@omniture.com', 44),
('Centralized', '9 Mosinee Parkway', '6668180018', 'mhungerford18@pagesperso-orange.fr', 45),
('Integrated', '90886 East Parkway', '6315070546', 'sjaegar19@cbslocal.com', 46),
('support', '296 Cambridge Crossing', '6013787565', 'bfarland1a@adobe.com', 47),
('throughput', '97 Village Green Hill', '3491991339', 'tleather1b@xing.com', 48),
('pricing structure', '7058 Glacier Hill Crossing', '1979349816', 'nmckane1c@cdc.gov', 49),
('executive', '868 Dawn Terrace', '5134006551', 'glothean1d@cargocollective.com', 50),
('service-desk', '64 Trailsway Trail', '2459414173', 'alennon1e@jiathis.com', 51),
('User-centric', '7511 Heffernan Place', '8423264656', 'scastelow1f@tinyurl.com', 52),
('Customizable', '46 Schurz Center', '4865331273', 'kworsham1g@state.tx.us', 53),
('Public-key', '6587 Mariners Cove Parkway', '1419859708', 'cthomtson1h@google.co.uk', 54),
('coherent', '4209 Northland Parkway', '8583218394', 'cchetham1i@techcrunch.com', 55),
('open system', '8 Waxwing Way', '3327791407', 'farnal1j@tamu.edu', 56),
('protocol', '27200 Surrey Circle', '5502431560', 'tmcmeanma1k@samsung.com', 57),
('leading edge', '223 Brentwood Lane', '7782400321', 'atrunby1l@virginia.edu', 58),
('real-time', '7701 International Crossing', '4679115459', 'vrickson1m@thetimes.co.uk', 59),
('migration', '417 8th Lane', '1543120476', 'bboniface1n@cnbc.com', 60),
('client-driven', '942 Trailsway Park', '3955677245', 'wmacinherney1o@imdb.com', 61),
('background', '627 Chive Hill', '6583974872', 'rmussared1p@histats.com', 62),
('solution', '18159 Buena Vista Alley', '3561996374', 'bireland1q@lycos.com', 63),
('Right-sized', '71 Burning Wood Court', '6661163927', 'gspieck1r@toplist.cz', 64),
('secondary', '291 Sachtjen Terrace', '2184755026', 'mjeandeau1s@google.co.uk', 65),
('grid-enabled', '48 Hovde Junction', '2269812082', 'zmathieson1t@storify.com', 66),
('standardization', '6128 Hudson Alley', '1418422225', 'ekornilov1u@twitter.com', 67),
('concept', '88999 Carberry Place', '9365562203', 'sclouter1v@globo.com', 68),
('Persevering', '0238 Walton Parkway', '9973359574', 'uokeefe1w@archive.org', 69),
('Ergonomic', '61 Delladonna Crossing', '1666056382', 'bchiverton1x@godaddy.com', 70),
('fault-tolerant', '09562 Express Crossing', '7398522502', 'cstaden1y@mashable.com', 71),
('Enhanced', '5746 Declaration Trail', '7769655011', 'crhys1z@ebay.com', 72),
('Vision-oriented', '53 Pankratz Alley', '6377681143', 'jhanselmann20@furl.net', 73),
('paradigm', '64404 Pond Lane', '1458474102', 'mmilan21@miibeian.gov.cn', 74),
('Robust', '2 Gateway Avenue', '3101072374', 'gkunkel22@symantec.com', 75),
('hardware', '9 Sachtjen Center', '8478841849', 'kfewlass23@cnn.com', 76),
('Assimilated', '73 American Lane', '4114241490', 'ggosnay24@nbcnews.com', 77),
('human-resource', '90546 North Court', '7904653650', 'caldridge25@e-recht24.de', 78),
('Automated', '28 Melvin Way', '4669828667', 'wcluitt26@wp.com', 79),
('bottom-line', '3442 Truax Pass', '8274104779', 'mcourtliff27@soundcloud.com', 80),
('full-range', '57 Esch Road', '1684049498', 'rtrounce28@ca.gov', 81),
('disintermediate', '37 Sherman Parkway', '2809102027', 'tgregorace29@ucoz.com', 82),
('background', '24 Helena Way', '3723481908', 'jassiter2a@deliciousdays.com', 83),
('knowledge user', '68493 Oriole Parkway', '1053064778', 'aborthwick2b@forbes.com', 84),
('collaboration', '58 Ridgeway Alley', '2258027240', 'rzoane2c@artisteer.com', 85),
('intermediate', '4070 Westport Junction', '7815985172', 'bbartoletti2d@ow.ly', 86),
('Stand-alone', '898 West Center', '3713065093', 'ewinham2e@edublogs.org', 87),
('Vision-oriented', '5272 Logan Plaza', '1008921124', 'hmckue2f@godaddy.com', 88),
('Digitized', '5160 Ramsey Trail', '9236724077', 'bmoggie2g@globo.com', 89),
('Team-oriented', '416 Holy Cross Lane', '1057799433', 'nseifenmacher2h@hubpages.com', 90),
('conglomeration', '0899 Colorado Center', '1794818718', 'aorganer2i@epa.gov', 91),
('parallelism', '9928 Hoffman Avenue', '2764632997', 'jbaskett2j@domainmarket.com', 92),
('full-range', '43 Banding Lane', '3048633044', 'dharrop2k@artisteer.com', 93),
('focus group', '40709 Amoth Lane', '4147832265', 'lpistol2l@utexas.edu', 94),
('product', '108 Glacier Hill Center', '5056453971', 'lgabits2m@devhub.com', 95),
('high-level', '594 Talisman Park', '1552023105', 'tvasechkin2n@51.la', 96),
('Synergistic', '70 Rutledge Center', '6183272295', 'scrusham2o@shutterfly.com', 97),
('moderator', '37998 Lotheville Street', '8361248766', 'drobjant2p@cnbc.com', 98),
('hybrid', '1074 Armistice Pass', '8146695293', 'dmeakin2q@gov.uk', 99),
('Intuitive', '7 Schmedeman Trail', '1642681830', 'lbroker2r@mozilla.com', 100),
('didactic', '0773 8th Crossing', '7276114699', 'lrabbitt2s@independent.co.uk', 101),
('installation', '2 Northridge Circle', '5172581956', 'scaught2t@ocn.ne.jp', 102),
('moratorium', '71019 Fairview Center', '7486000003', 'tharwood2u@reddit.com', 103),
('Synchronised', '17 Crowley Parkway', '5054234159', 'ckleinberer2v@marriott.com', 104),
('grid-enabled', '7623 Algoma Hill', '2569638058', 'rparagreen2w@about.com', 105),
('incremental', '2 Everett Junction', '3129449734', 'privel2x@behance.net', 106),
('Seamless', '0 Lindbergh Place', '9477926007', 'cetchingham2y@prweb.com', 107),
('access', '1 Eastlawn Place', '6504559666', 'slapthorn2z@bandcamp.com', 108),
('local area network', '2 Kipling Pass', '3775975301', 'ihounihan30@shareasale.com', 109),
('Mandatory', '561 Randy Point', '9822225926', 'nrobertsson31@statcounter.com', 110),
('dedicated', '95 Lunder Road', '4707310519', 'gburdytt32@lulu.com', 111),
('intangible', '10 Namekagon Avenue', '9248850634', 'ssyrie33@ucoz.ru', 112),
('Distributed', '970 Farragut Alley', '8697313776', 'cstebbin34@utexas.edu', 113),
('Managed', '925 Sutteridge Drive', '8123952411', 'caucoate35@independent.co.uk', 114),
('exuding', '90787 West Road', '7084442579', 'tpudsey36@feedburner.com', 115),
('fault-tolerant', '93 Toban Plaza', '1471825394', 'erainforth37@artisteer.com', 116),
('Proactive', '0 Burrows Pass', '9653916630', 'mpoyser38@japanpost.jp', 117),
('database', '01 Sheridan Park', '3749839465', 'bmullaney39@t.co', 118),
('exuding', '8754 New Castle Hill', '1008645809', 'hdelisle3a@moonfruit.com', 119),
('Pre-emptive', '14127 Sundown Trail', '4508279998', 'rpanner3b@howstuffworks.com', 120),
('scalable', '60 Browning Junction', '1016967932', 'fbrasner3c@dropbox.com', 121),
('upward-trending', '5641 Arapahoe Hill', '2592251347', 'rshovlin3d@istockphoto.com', 122),
('Face to face', '3063 Katie Parkway', '5887185001', 'sjankin3e@wix.com', 123),
('asynchronous', '8 Stuart Street', '7817554962', 'cseabon3f@sakura.ne.jp', 124),
('Business-focused', '61 Armistice Crossing', '5851930658', 'daikett3g@goodreads.com', 125),
('4th generation', '05427 Ridge Oak Drive', '7957335376', 'itungate3h@reverbnation.com', 126),
('Multi-tiered', '94330 Lunder Hill', '7969750931', 'jwesgate3i@indiegogo.com', 127),
('circuit', '8 Fair Oaks Trail', '5628528646', 'cdrissell3j@forbes.com', 128),
('infrastructure', '9 Parkside Crossing', '3677849751', 'hgoodwill3k@usatoday.com', 129),
('user-facing', '5143 Prairieview Hill', '6783577641', 'amcmechan3l@examiner.com', 130),
('full-range', '1051 Susan Alley', '5304227643', 'cdalwood3m@blogspot.com', 131),
('national', '1094 David Trail', '7192152279', 'azylbermann3n@arizona.edu', 132),
('function', '98 Northview Avenue', '6834582546', 'pendecott3o@huffingtonpost.com', 133),
('Phased', '47 Messerschmidt Pass', '6773735371', 'ffannon3p@accuweather.com', 134),
('Integrated', '340 Birchwood Junction', '1283762336', 'cetteridge3q@admin.ch', 135),
('application', '4 Mendota Lane', '1948976583', 'asnarie3r@e-recht24.de', 136),
('analyzing', '5 Dennis Plaza', '5404966230', 'lbrager3s@drupal.org', 137),
('Distributed', '1 Pierstorff Trail', '6359315756', 'ajardein3t@soup.io', 138),
('Reactive', '58257 Carioca Alley', '2661078977', 'ahabbin3u@reuters.com', 139),
('budgetary management', '6 Manufacturers Park', '5757596151', 'dpotten3v@people.com.cn', 140),
('Profound', '785 Dexter Avenue', '6055090176', 'cscreas3w@biglobe.ne.jp', 141),
('benchmark', '59687 Montana Alley', '9943451719', 'ltomasicchio3x@wired.com', 142),
('multi-tasking', '5695 Sugar Terrace', '8253923630', 'dguppey3y@a8.net', 143),
('secured line', '2459 Di Loreto Center', '8525603079', 'rwhittier3z@phoca.cz', 144),
('exuding', '12207 Pleasure Court', '3056141637', 'lplenderleith40@yelp.com', 145),
('User-centric', '28 Thierer Place', '7534795672', 'krastrick41@themeforest.net', 146),
('Re-engineered', '3 Delladonna Trail', '2047044205', 'aconwell42@google.com.au', 147),
('leading edge', '4738 Waxwing Way', '5911982341', 'gcahalin43@adobe.com', 148),
('Horizontal', '3 Lien Trail', '8745795728', 'riliffe44@home.pl', 149),
('Reduced', '4 Forest Run Street', '6047210599', 'tbelfield45@stumbleupon.com', 150),
('success', '4 Reinke Hill', '7438545479', 'kstapleton46@upenn.edu', 151),
('Synergistic', '7 Swallow Plaza', '6946437116', 'pgulliver47@dion.ne.jp', 152),
('support', '4 Straubel Alley', '1309317649', 'bmccosker48@geocities.jp', 153),
('leading edge', '46 Erie Place', '3319380437', 'tsinfield49@hexun.com', 154),
('dynamic', '917 Mariners Cove Crossing', '3452195006', 'gcopeland4a@goo.gl', 155),
('bottom-line', '248 Hanover Parkway', '2477171573', 'cogiany4b@privacy.gov.au', 156),
('composite', '883 Fallview Trail', '9136717414', 'sdovydenas4c@dion.ne.jp', 157),
('Mandatory', '76 Elmside Point', '1158600917', 'tgobolos4d@barnesandnoble.com', 158),
('encryption', '43412 Summer Ridge Alley', '2896203182', 'pbarense4e@cpanel.net', 159),
('Profit-focused', '39 Starling Avenue', '6867865229', 'pgaucher4f@stumbleupon.com', 160),
('dynamic', '71280 8th Drive', '8225884571', 'chatchell4g@cbsnews.com', 161),
('Diverse', '446 Dakota Drive', '8344001816', 'bodempsey4h@dell.com', 162),
('focus group', '9278 6th Point', '3668955009', 'lseccombe4i@narod.ru', 163),
('radical', '13846 Buhler Pass', '1435450735', 'fdibiagi4j@bbc.co.uk', 164),
('moratorium', '78857 Elgar Terrace', '1614523576', 'eduinbleton4k@fc2.com', 165),
('client-server', '2894 Macpherson Junction', '6519340331', 'skennan4l@devhub.com', 166),
('5th generation', '42 Fieldstone Junction', '8409544465', 'ttreleaven4m@fda.gov', 167),
('fault-tolerant', '349 Duke Avenue', '6003294666', 'erowlett4n@scribd.com', 168),
('Assimilated', '60173 Eagle Crest Pass', '2943666423', 'mmorilla4o@squarespace.com', 169),
('Reduced', '68460 Graedel Trail', '3661057058', 'hgullick4p@xrea.com', 170),
('full-range', '93352 Ohio Lane', '9983746662', 'bbrumwell4q@marketwatch.com', 171),
('clear-thinking', '6680 Debs Terrace', '5883527362', 'cnystrom4r@diigo.com', 172),
('Quality-focused', '23801 Toban Circle', '3821927729', 'rbeaze4s@soundcloud.com', 173),
('Compatible', '23698 Golf Course Place', '7695357439', 'gbradnick4t@cnet.com', 174),
('Organic', '80 Dexter Street', '3553345311', 'bpriddey4u@samsung.com', 175),
('Total', '23388 Merchant Circle', '1696750895', 'jbagguley4v@cbc.ca', 176),
('Cross-group', '3493 Fremont Terrace', '6184660378', 'dfeckey4w@dot.gov', 177),
('Assimilated', '82 Blackbird Street', '8228359876', 'amacmaster4x@google.es', 178),
('Multi-tiered', '9506 Donald Center', '5092840008', 'padderley4y@sitemeter.com', 179),
('Managed', '50 Elka Point', '7001853814', 'hkeyte4z@ftc.gov', 180),
('productivity', '32 Melvin Trail', '7597802980', 'hwinters50@topsy.com', 181),
('encompassing', '00916 Algoma Junction', '4001941460', 'kgommery51@yolasite.com', 182),
('intranet', '99 Sherman Point', '6097263052', 'mleeke52@amazonaws.com', 183),
('Upgradable', '4 Comanche Alley', '1803108667', 'cinkle53@wikispaces.com', 184),
('uniform', '26 Westridge Crossing', '7716787916', 'tcesaric54@squarespace.com', 185),
('algorithm', '47235 Center Pass', '3357677198', 'tyoskowitz55@wisc.edu', 186),
('heuristic', '391 Lindbergh Crossing', '6827520739', 'bmattheus56@army.mil', 187),
('Profit-focused', '797 Drewry Street', '5872254220', 'mmacillrick57@rambler.ru', 188),
('Configurable', '260 David Plaza', '7581553930', 'cvonhindenburg58@barnesandnoble.com', 189),
('extranet', '6 Hoepker Road', '1786679785', 'ssallery59@surveymonkey.com', 190),
('clear-thinking', '48235 Waywood Drive', '2487457352', 'dmontel5a@slate.com', 191),
('incremental', '69799 Lillian Lane', '8646828078', 'fguiu5b@jigsy.com', 192),
('Graphical User Interface', '2 3rd Center', '3128249207', 'abaumann5c@nationalgeographic.com', 193),
('Pre-emptive', '7 Oneill Way', '5113902631', 'mmanginot5d@imageshack.us', 194),
('analyzing', '10 Hanover Drive', '8635814258', 'gfallen5e@paginegialle.it', 195),
('non-volatile', '9248 Forster Point', '7916285382', 'lsymons5f@wikia.com', 196),
('Cloned', '78 Anzinger Place', '6142445682', 'cemberson5g@intel.com', 197),
('Profound', '7 Hooker Junction', '1218462152', 'cgrigore5h@booking.com', 198),
('Seamless', '115 Scoville Road', '8672204471', 'sstockdale5i@meetup.com', 199),
('Organic', '654 Goodland Parkway', '5501722083', 'aandreaccio5j@a8.net', 200),
('Distributed', '47488 Hallows Road', '1765852464', 'mkurth5k@ebay.co.uk', 201),
('Switchable', '05 Knutson Drive', '7553084752', 'cmackeig5l@pcworld.com', 202),
('approach', '54119 Mitchell Parkway', '4445899759', 'bduchenne5m@nytimes.com', 203),
('project', '40 Bonner Terrace', '1454865177', 'ldugald5n@netscape.com', 204),
('contingency', '00444 Beilfuss Point', '1811522575', 'bjarrold5o@japanpost.jp', 205),
('User-centric', '60 Stang Junction', '9099133775', 'gdowle5p@reuters.com', 206),
('Intuitive', '38 Arkansas Place', '7743449233', 'prosso5q@bloglovin.com', 207),
('moderator', '9277 Main Parkway', '8944277662', 'kjickles5r@vimeo.com', 208),
('context-sensitive', '37050 Darwin Road', '6835294344', 'hmaudson5s@amazon.com', 209),
('Cross-platform', '4840 Almo Court', '1805675582', 'jtoms5t@wired.com', 210),
('intranet', '5 Talisman Pass', '1101836008', 'adunican5u@trellian.com', 211),
('Reduced', '8 Sycamore Center', '9132923152', 'tstrephan5v@cloudflare.com', 212),
('help-desk', '824 Mallard Road', '3814734157', 'kdumingos5w@acquirethisname.com', 213),
('composite', '7 Melrose Trail', '1027358115', 'mgeorgeson5x@wiley.com', 214),
('intermediate', '24 Oakridge Avenue', '3043988455', 'imylechreest5y@baidu.com', 215),
('maximized', '37 American Ash Park', '7089132883', 'dgaynsford5z@netlog.com', 216),
('Graphical User Interface', '62 Norway Maple Avenue', '7663198199', 'amundow60@newsvine.com', 217),
('Extended', '25601 Dunning Center', '4196928232', 'zaughtie61@craigslist.org', 218),
('Vision-oriented', '12063 Golden Leaf Park', '2715083345', 'hegglestone62@themeforest.net', 219),
('collaboration', '93597 Oriole Drive', '3646337061', 'vambrogioli63@networksolutions.com', 220),
('bandwidth-monitored', '0037 Cordelia Street', '5462992215', 'khannan64@sourceforge.net', 221),
('Diverse', '73 Melrose Street', '1154126926', 'pwigfall65@surveymonkey.com', 222),
('radical', '2 Daystar Park', '1304220606', 'gmcgee66@blinklist.com', 223),
('discrete', '69 Bay Court', '5558950558', 'gwanjek67@t-online.de', 224),
('Business-focused', '19 Utah Terrace', '5717398792', 'tbowland68@sun.com', 225),
('Persevering', '30 Merry Road', '5366680361', 'jblakden69@zimbio.com', 226),
('model', '6 Springview Park', '8923744509', 'sclougher6a@cnet.com', 227),
('superstructure', '698 Spaight Lane', '8379605318', 'cwright6b@prweb.com', 228),
('project', '91461 Carey Center', '2046607615', 'ebowgen6c@github.com', 229),
('budgetary management', '2 Drewry Avenue', '3201404454', 'bjiran6d@artisteer.com', 230),
('static', '519 Northwestern Terrace', '7729354454', 'aspringham6e@yahoo.com', 231),
('Cloned', '8383 Johnson Place', '9358041659', 'bsandwich6f@epa.gov', 232),
('capability', '528 Amoth Place', '2526382311', 'hhindmore6g@miitbeian.gov.cn', 233),
('Focused', '43830 Menomonie Terrace', '8312935097', 'mdoody6h@cdbaby.com', 234),
('standardization', '3 Elka Way', '6637213731', 'lrenshaw6i@toplist.cz', 235),
('installation', '27148 Browning Way', '4125645583', 'cblaxter6j@reference.com', 236),
('infrastructure', '3 Lukken Center', '5071566634', 'jcordier6k@sphinn.com', 237),
('Public-key', '4 International Road', '9634381954', 'djaggard6l@irs.gov', 238),
('systematic', '09884 Loeprich Plaza', '2362213602', 'tgiovannazzi6m@businesswire.com', 239),
('background', '33 Loftsgordon Crossing', '3078384969', 'rhuebner6n@hostgator.com', 240),
('definition', '37506 Transport Road', '2372812840', 'blautie6o@bandcamp.com', 241),
('Virtual', '037 Ridgeview Way', '2642975648', 'rbiasioli6p@state.tx.us', 242),
('bandwidth-monitored', '3227 Graedel Parkway', '5849738879', 'thodge6q@furl.net', 243),
('Innovative', '4 Hovde Place', '4125552709', 'garrowsmith6r@elegantthemes.com', 244),
('methodology', '2028 Corry Road', '2757613627', 'eturmell6s@admin.ch', 245),
('data-warehouse', '13266 Birchwood Pass', '6946143860', 'hhanshawe6t@networksolutions.com', 246),
('throughput', '3 Columbus Street', '1257240980', 'gmuge6u@odnoklassniki.ru', 247),
('budgetary management', '72963 Ohio Center', '6313667749', 'bsellan6v@people.com.cn', 248),
('Quality-focused', '715 Straubel Center', '9399357988', 'cgot6w@reference.com', 249),
('Extended', '91 Jenifer Parkway', '9228304792', 'sgell6x@com.com', 250);

-- --------------------------------------------------------

--
-- Table structure for table `darbuotojai`
--

CREATE TABLE `darbuotojai` (
  `kodas` int(11) NOT NULL,
  `vardas` varchar(255) NOT NULL,
  `pavarde` varchar(255) NOT NULL,
  `fk_BIURAS` int(11) NOT NULL
) ENGINE=InnoDB DEFAULT CHARSET=utf8 COLLATE=utf8_lithuanian_ci;

--
-- Dumping data for table `darbuotojai`
--

INSERT INTO `darbuotojai` (`kodas`, `vardas`, `pavarde`, `fk_BIURAS`) VALUES
(1, 'Aristotlee', 'Daintit', 10),
(2, 'Salli', 'Fitzharris', 2),
(3, 'Rosmunda', 'Trail', 10),
(4, 'Jolyn', 'Weber', 9),
(5, 'Margi', 'Hatch', 2),
(6, 'Barbey', 'Snelling', 10),
(7, 'Wye', 'Liven', 8),
(9, 'Ferne', 'Sharvill', 4),
(10, 'Esme', 'Blankau', 6),
(11, 'Korie', 'Probin', 8),
(12, 'Jonie', 'Dockerty', 5),
(13, 'Vivie', 'Watt', 3),
(14, 'Giovanna', 'Heakey', 9),
(15, 'Lurline', 'Harragin', 10),
(16, 'Rolando', 'Brill', 4),
(17, 'Layla', 'Ilett', 3),
(18, 'Noel', 'Fancourt', 6),
(19, 'Fairlie', 'Waddup', 10),
(20, 'Marla', 'Haborn', 8),
(21, 'Merralee', 'Gosneye', 9),
(22, 'Tate', 'Dencs', 5),
(23, 'Ertha', 'Ughini', 1),
(24, 'Thorn', 'Howden', 2),
(25, 'Sterne', 'Gyorgy', 8),
(26, 'Batsheva', 'Naisbet', 9),
(27, 'Dale', 'Newgrosh', 8),
(28, 'Monika', 'Soigne', 8),
(29, 'Terrijo', 'Scoyles', 7),
(30, 'Berne', 'Harriot', 8),
(31, 'Rafaelia', 'Chevolleau', 1),
(32, 'Ayn', 'Broz', 2),
(33, 'Faunie', 'Clackson', 5),
(34, 'Jolyn', 'Jeandot', 2),
(35, 'Selena', 'Laye', 6),
(36, 'Gaspard', 'Tivenan', 9),
(37, 'Silas', 'Steinham', 9),
(38, 'Deni', 'Kovelmann', 3),
(39, 'Anabal', 'McCourtie', 3),
(40, 'Kata', 'Ogborn', 5),
(41, 'Nan', 'Varnam', 5),
(42, 'Catherin', 'Wolfer', 6),
(43, 'Richardo', 'Oscroft', 1),
(44, 'Leroy', 'Van Leijs', 6),
(45, 'Fin', 'Marnes', 3),
(46, 'Carolina', 'Tolcher', 3),
(47, 'Leticia', 'Sammon', 6),
(48, 'Fayre', 'Galego', 3),
(49, 'Camile', 'De Coursey', 6),
(50, 'Alejandrina', 'Kneaphsey', 3),
(51, 'Blondell', 'Staner', 71),
(52, 'Susanne', 'Rosewarne', 27),
(53, 'Suzy', 'O\'Hickee', 111),
(54, 'Helen-elizabeth', 'Stodart', 234),
(55, 'Sidonia', 'McGuffog', 219),
(56, 'Morry', 'Dillintone', 55),
(57, 'Dodie', 'Cornforth', 86),
(58, 'Pooh', 'Orrick', 185),
(59, 'Kipp', 'Kezar', 41),
(60, 'Ines', 'Rollings', 244),
(61, 'Powell', 'Ormes', 25),
(62, 'Marjorie', 'Traylen', 46),
(63, 'Nannie', 'Brok', 50),
(64, 'Bamby', 'Snarie', 240),
(65, 'Johnny', 'Dodgshon', 240),
(66, 'Kimmi', 'Brien', 152),
(67, 'Giusto', 'Grzelczak', 238),
(68, 'Cornie', 'Gives', 117),
(69, 'Craig', 'Sumpner', 60),
(70, 'Roselia', 'Sinden', 59),
(71, 'Erika', 'Dunphy', 84),
(72, 'Cathi', 'Fibbitts', 74),
(73, 'Donia', 'Ullett', 238),
(74, 'Celine', 'MacCahee', 204),
(75, 'Brendon', 'Vell', 199),
(76, 'Ferdinanda', 'Bolter', 63),
(77, 'Sibel', 'Cawthry', 113),
(78, 'Amabelle', 'De Lasci', 231),
(79, 'Auguste', 'Orford', 227),
(80, 'Gonzales', 'Pydcock', 60),
(81, 'Chrisy', 'Chiddy', 206),
(82, 'Boycie', 'Bixley', 93),
(83, 'Hastings', 'Benoiton', 237),
(84, 'Janna', 'Alten', 190),
(85, 'Aloysius', 'Clynter', 229),
(86, 'Thatcher', 'Whight', 123),
(87, 'Roshelle', 'Broun', 162),
(88, 'Durante', 'Drayson', 35),
(89, 'Hillyer', 'Coad', 231),
(90, 'Lavina', 'Tritton', 70),
(91, 'Alfonso', 'Deniseau', 237),
(92, 'Robinetta', 'Hinstridge', 45),
(93, 'Sheri', 'Wyatt', 186),
(94, 'Maggee', 'Bilney', 31),
(95, 'Der', 'Cleary', 197),
(96, 'Trudey', 'Corpes', 159),
(97, 'Hobey', 'Butfield', 60),
(98, 'Lira', 'Caro', 63),
(99, 'Igor', 'Gellan', 119),
(100, 'Harri', 'Hendrix', 67),
(101, 'Franky', 'Jerrome', 231),
(102, 'Boonie', 'Winckles', 117),
(103, 'Delaney', 'Viollet', 195),
(104, 'Christiana', 'Romaynes', 136),
(105, 'Dulcinea', 'Marin', 154),
(106, 'Tann', 'Colbertson', 101),
(107, 'Kasper', 'Maggi', 232),
(108, 'Ertha', 'Southerell', 141),
(109, 'Frederic', 'Christley', 138),
(110, 'Torey', 'Brands', 78),
(111, 'Aurlie', 'Stalman', 132),
(112, 'Cayla', 'Edeson', 197),
(113, 'Danella', 'McNeigh', 103),
(114, 'Chaddy', 'Denkin', 178),
(115, 'Krissy', 'Mossom', 17),
(116, 'Johnath', 'Fabb', 114),
(117, 'Hersch', 'Beddingham', 76),
(118, 'Annissa', 'Kewley', 224),
(119, 'Townsend', 'Clissold', 58),
(120, 'Mateo', 'MacNish', 80),
(121, 'Fernandina', 'Nesey', 234),
(122, 'Nance', 'Bellenger', 16),
(123, 'Jedediah', 'Nano', 239),
(124, 'Joya', 'Woloschin', 197),
(125, 'Libbi', 'Runnacles', 230),
(126, 'Sonnie', 'Tindall', 149),
(127, 'Robby', 'Kinavan', 199),
(128, 'Wallie', 'Shelp', 208),
(129, 'Mic', 'Clemenson', 36),
(130, 'Bibi', 'Clemow', 6),
(131, 'Alexandr', 'Ruslen', 74),
(132, 'Ricardo', 'O\'Kerin', 36),
(133, 'Cleo', 'Redford', 34),
(134, 'Sonni', 'Fried', 181),
(135, 'Emmie', 'Andrichak', 221),
(136, 'Chandra', 'Jobke', 20),
(137, 'Bordy', 'Pittendreigh', 99),
(138, 'Constantina', 'Simonel', 111),
(139, 'Tull', 'Waddingham', 217),
(140, 'Bessy', 'Stone', 92),
(141, 'Mikol', 'Jouhning', 75),
(142, 'Kevan', 'Kelsow', 245),
(143, 'Bobby', 'Labbet', 61),
(144, 'Augustina', 'Coode', 48),
(145, 'Roi', 'Aguilar', 42),
(146, 'Dylan', 'Leale', 38),
(147, 'Rodrick', 'Dybald', 98),
(148, 'Marnie', 'Roycroft', 137),
(149, 'Willette', 'Deverose', 247),
(150, 'Clive', 'Thebes', 91),
(151, 'Georgena', 'Fairhead', 162),
(152, 'Giustino', 'Bee', 8),
(153, 'Alberto', 'Drohane', 198),
(154, 'Christie', 'Gleadhall', 173),
(155, 'Merwin', 'Widdocks', 17),
(156, 'Annemarie', 'Stiger', 129),
(157, 'Findlay', 'Bartolomucci', 4),
(158, 'Errol', 'Gater', 10),
(159, 'Janaye', 'Dodridge', 2),
(160, 'Tessie', 'Antonov', 142),
(161, 'Micheil', 'Lidyard', 220),
(162, 'Pace', 'Hawtry', 197),
(163, 'Brod', 'Tuberfield', 57),
(164, 'Brewer', 'Merriday', 88),
(165, 'Augustus', 'Gillingham', 17),
(166, 'Rock', 'Graffin', 116),
(167, 'Ondrea', 'Antognelli', 198),
(168, 'Rudolf', 'Dunkinson', 170),
(169, 'Sylvester', 'Stirman', 230),
(170, 'Kary', 'Nobes', 57),
(171, 'Floyd', 'Minister', 5),
(172, 'Maryanne', 'Breckin', 102),
(173, 'Selestina', 'Flaxon', 117),
(174, 'Dode', 'Jenkins', 25),
(175, 'Steven', 'Woodwing', 96),
(176, 'Bernarr', 'Baty', 173),
(177, 'Neddie', 'Swannie', 209),
(178, 'Muire', 'Covelle', 14),
(179, 'Vince', 'Stigell', 182),
(180, 'Kellsie', 'Flott', 203),
(181, 'Ashli', 'Tutton', 116),
(182, 'Christal', 'Panyer', 182),
(183, 'Zolly', 'Parsall', 237),
(184, 'Kiley', 'Wakenshaw', 23),
(185, 'Nan', 'Warby', 82),
(186, 'Giff', 'Kniveton', 112),
(187, 'Velma', 'Ellsworthe', 52),
(188, 'Carroll', 'Moro', 145),
(189, 'Mersey', 'Beteriss', 193),
(190, 'Dave', 'Glantz', 130),
(191, 'Shaw', 'Craney', 136),
(192, 'Reta', 'Scamadine', 246),
(193, 'Lorne', 'Itzkov', 178),
(194, 'Mariam', 'Dakhov', 222),
(195, 'Ranee', 'Berdale', 192),
(196, 'Willie', 'Marl', 37),
(197, 'Virgil', 'McKechnie', 238),
(198, 'Otho', 'Lenglet', 155),
(200, 'Luciana', 'Swainsbury', 240);

-- --------------------------------------------------------

--
-- Table structure for table `kietieji_diskai`
--

CREATE TABLE `kietieji_diskai` (
  `Gamintojas` varchar(255) NOT NULL,
  `Talpa` int(11) NOT NULL,
  `Tipas` int(11) NOT NULL,
  `id_KIETASIS_DISKAS` int(11) NOT NULL,
  `fk_KOMPIUTERIS` int(11) NOT NULL
) ENGINE=InnoDB DEFAULT CHARSET=utf8 COLLATE=utf8_lithuanian_ci;

--
-- Dumping data for table `kietieji_diskai`
--

INSERT INTO `kietieji_diskai` (`Gamintojas`, `Talpa`, `Tipas`, `id_KIETASIS_DISKAS`, `fk_KOMPIUTERIS`) VALUES
('Demimbu', 1000, 2, 1, 9),
('Realbridge', 350, 1, 2, 2),
('Thoughtbeat', 650, 2, 3, 6),
('Voonte', 1500, 3, 4, 5),
('Bluejam', 500, 2, 5, 4),
('Meeveo', 450, 1, 7, 5),
('Twitterbeat', 750, 1, 8, 10),
('Yombu', 1500, 2, 9, 8),
('Buzzdog', 1250, 1, 10, 3),
('Oyonder', 950, 1, 11, 2),
('Gabtype', 750, 1, 13, 7),
('Aimbu', 1500, 2, 14, 6),
('Roombo', 1750, 1, 15, 4),
('Aivee', 803, 1, 16, 52),
('Ozu', 642, 3, 17, 213),
('Realcube', 1834, 2, 18, 125),
('Buzzster', 1552, 2, 19, 158),
('Tazzy', 734, 1, 20, 194),
('Buzzster', 541, 3, 21, 104),
('Meevee', 1173, 1, 22, 163),
('Zoombeat', 1999, 1, 23, 97),
('Aivee', 1399, 2, 24, 79),
('Twimbo', 1826, 2, 25, 92),
('Photojam', 1572, 1, 26, 231),
('Twitterwire', 1214, 1, 27, 34),
('Divavu', 647, 2, 28, 112),
('Viva', 1076, 1, 29, 91),
('Twinte', 410, 2, 30, 194),
('Abata', 395, 2, 31, 97),
('Skivee', 906, 1, 32, 105),
('Jaxworks', 1909, 3, 33, 123),
('Tambee', 1648, 3, 34, 225),
('Realbuzz', 832, 3, 35, 39),
('Yabox', 1117, 1, 36, 137),
('Jetpulse', 934, 1, 37, 127),
('Shuffletag', 413, 1, 38, 244),
('Photobean', 1514, 2, 39, 104),
('Rhyloo', 1439, 3, 40, 58),
('Shufflester', 351, 1, 41, 106),
('Midel', 1613, 1, 42, 244),
('Dabvine', 1467, 3, 43, 118),
('Midel', 553, 1, 44, 117),
('Aimbo', 1120, 2, 45, 8),
('Skaboo', 1399, 1, 46, 55),
('Yamia', 1418, 3, 47, 44),
('Plambee', 1179, 1, 48, 110),
('Buzzdog', 1769, 2, 49, 163),
('Livefish', 724, 1, 50, 106),
('Feedfish', 389, 2, 51, 152),
('Twinder', 415, 1, 52, 18),
('Brainlounge', 778, 3, 53, 16),
('Wikido', 1848, 1, 54, 116),
('Yozio', 1921, 2, 55, 220),
('Divape', 1612, 1, 56, 191),
('Zoonoodle', 1555, 1, 57, 126),
('Skivee', 1386, 1, 58, 7),
('Skyndu', 1355, 1, 59, 200),
('Jetwire', 1819, 3, 60, 244),
('Devpoint', 1095, 1, 61, 73),
('Blogtag', 551, 2, 62, 73),
('Zoovu', 723, 1, 63, 52),
('Demimbu', 550, 2, 64, 215),
('Dabtype', 1839, 3, 65, 14),
('Rhynyx', 1891, 1, 66, 59),
('Skibox', 1093, 3, 67, 192),
('Dabfeed', 1762, 1, 68, 84),
('Skippad', 541, 2, 69, 73),
('Skaboo', 1616, 1, 70, 196),
('Yabox', 1817, 2, 71, 144),
('Voomm', 1962, 1, 72, 72),
('Youspan', 1177, 1, 73, 35),
('Jabbercube', 765, 3, 74, 215),
('Aimbo', 1628, 3, 75, 48),
('Zazio', 1333, 1, 76, 117),
('Minyx', 702, 1, 77, 44),
('Miboo', 502, 2, 78, 223),
('Thoughtblab', 1819, 1, 79, 118),
('Aivee', 1877, 1, 80, 154),
('Pixope', 554, 2, 81, 200),
('Vidoo', 1345, 2, 82, 156),
('Dabshots', 798, 1, 83, 43),
('Mudo', 937, 3, 84, 77),
('Yoveo', 1037, 3, 85, 185),
('Trudoo', 1977, 3, 86, 38),
('JumpXS', 1599, 2, 88, 195),
('Yozio', 1688, 3, 89, 8),
('Camido', 1084, 3, 90, 6),
('Dynabox', 696, 3, 91, 129),
('Twimm', 687, 2, 92, 28),
('Riffwire', 1315, 3, 93, 187),
('JumpXS', 553, 2, 94, 160),
('Kazio', 1459, 1, 95, 245),
('Livetube', 952, 2, 96, 26),
('Kamba', 451, 2, 97, 132),
('Yozio', 892, 3, 98, 53),
('Vidoo', 1448, 3, 99, 193),
('Skipstorm', 1275, 3, 100, 120),
('Reallinks', 1718, 1, 101, 78),
('Janyx', 492, 3, 102, 243),
('Katz', 721, 1, 103, 153),
('Meezzy', 757, 1, 104, 24),
('Youbridge', 1060, 3, 105, 3),
('Jabbercube', 1422, 3, 106, 211),
('Skinder', 771, 3, 107, 146),
('Fivespan', 867, 3, 108, 99),
('Zoovu', 1233, 3, 109, 212),
('Twinte', 1327, 2, 110, 189),
('Dablist', 1848, 2, 111, 106),
('Skinder', 1531, 2, 112, 3),
('Wikizz', 1333, 2, 113, 97),
('Mynte', 1925, 3, 114, 173),
('Edgeclub', 967, 3, 115, 182),
('Wikivu', 821, 3, 116, 57),
('Agimba', 1614, 2, 117, 235),
('Skibox', 1082, 2, 118, 44),
('Photojam', 366, 2, 119, 164),
('Vidoo', 538, 1, 120, 58),
('Jetwire', 1678, 2, 121, 58),
('Wordpedia', 1835, 3, 122, 36),
('Dabshots', 1392, 3, 123, 77),
('Tagcat', 884, 1, 124, 82),
('Twinder', 1912, 2, 125, 90),
('Browsezoom', 518, 3, 126, 240),
('Oozz', 956, 3, 127, 248),
('Topiclounge', 1894, 1, 128, 238),
('Tavu', 1153, 1, 129, 33),
('Innojam', 1841, 2, 130, 76),
('Divanoodle', 1678, 3, 131, 99),
('Rhyloo', 1514, 3, 132, 40),
('Twitterbeat', 1803, 3, 133, 23),
('Bubblebox', 1342, 3, 134, 231),
('Skyba', 1543, 2, 135, 81),
('Quinu', 1049, 2, 136, 201),
('Blogpad', 910, 2, 137, 69),
('Demimbu', 1713, 3, 138, 57),
('Yodo', 1619, 1, 139, 187),
('Brainverse', 532, 2, 140, 199),
('Roomm', 1507, 1, 141, 116),
('Bluezoom', 353, 1, 142, 210),
('Youbridge', 1761, 3, 143, 134),
('Izio', 848, 3, 144, 221),
('Zoomlounge', 1514, 1, 145, 165),
('Talane', 1138, 1, 146, 138),
('Ntag', 691, 2, 147, 82),
('Dazzlesphere', 1756, 2, 148, 249),
('Thoughtbeat', 1424, 1, 149, 32),
('Oyoyo', 907, 3, 150, 156),
('Blognation', 614, 3, 151, 87),
('Innojam', 1499, 1, 152, 87),
('Skyba', 1104, 2, 153, 40),
('Kwilith', 1983, 1, 154, 232),
('Flashset', 1826, 3, 155, 20),
('Riffpedia', 1881, 2, 156, 6),
('Dynabox', 980, 3, 157, 146),
('Eazzy', 1641, 2, 158, 197),
('Devcast', 1401, 3, 159, 82),
('Linktype', 1382, 1, 160, 55),
('Yambee', 897, 3, 161, 139),
('Quimm', 1385, 1, 162, 119),
('Quire', 972, 1, 163, 39),
('Youopia', 775, 1, 164, 94),
('Yodo', 1226, 3, 165, 234),
('Tagtune', 745, 3, 166, 23),
('Browseblab', 1299, 3, 167, 36),
('Skyble', 1936, 2, 168, 149),
('LiveZ', 992, 1, 169, 40),
('Vinte', 1845, 3, 170, 62),
('Demivee', 1616, 3, 171, 231),
('Trudeo', 1275, 3, 172, 11),
('Agimba', 1900, 2, 173, 22),
('Meevee', 1220, 3, 174, 120),
('Wikizz', 1693, 2, 175, 226),
('Zoomzone', 771, 1, 176, 155),
('Rhyzio', 1189, 2, 177, 42),
('Mycat', 882, 2, 178, 176),
('Skipstorm', 1033, 3, 179, 14),
('Mynte', 1195, 3, 180, 236),
('Zazio', 602, 3, 181, 166),
('Jabberbean', 1636, 3, 182, 195),
('Topiczoom', 1819, 3, 183, 166),
('Riffpedia', 1420, 1, 184, 134),
('Twitterwire', 1258, 1, 185, 114),
('Mita', 447, 3, 186, 116),
('Oyonder', 1058, 1, 187, 68),
('Twimm', 1274, 2, 188, 227),
('Devcast', 1537, 3, 189, 54),
('Avamba', 389, 3, 190, 185),
('Photojam', 935, 2, 191, 43),
('Yombu', 400, 2, 192, 48),
('Eidel', 1220, 1, 193, 141),
('Twiyo', 903, 2, 194, 51),
('Linkbuzz', 504, 3, 195, 133),
('Riffwire', 1269, 2, 196, 195),
('Wikizz', 605, 3, 197, 182),
('Topicstorm', 884, 2, 198, 211),
('Dabtype', 1733, 1, 199, 46),
('Podcat', 1851, 3, 200, 172),
('Voonder', 836, 2, 201, 90),
('Skippad', 1098, 1, 202, 107),
('Shuffletag', 1127, 2, 203, 93),
('Jetpulse', 582, 3, 204, 11),
('Jabbertype', 1850, 2, 205, 68),
('Aimbu', 1125, 2, 206, 116),
('Livefish', 1809, 2, 207, 211),
('Linkbuzz', 984, 2, 208, 134),
('Lazzy', 486, 3, 209, 145),
('Myworks', 539, 2, 210, 248),
('Blogtag', 1942, 1, 211, 27),
('Yozio', 1719, 1, 212, 68),
('Skiba', 483, 1, 213, 182),
('Feedfish', 1136, 3, 214, 200),
('Aimbu', 1201, 2, 215, 119),
('Twitterwire', 1594, 2, 216, 167),
('Pixonyx', 696, 1, 217, 241),
('Ainyx', 894, 3, 218, 85),
('Geba', 1841, 2, 219, 93),
('Ainyx', 1564, 1, 220, 237),
('Jaloo', 1959, 2, 221, 211),
('Zoomcast', 715, 2, 222, 197),
('Pixonyx', 1020, 3, 223, 28),
('Trilia', 1213, 1, 224, 210),
('Shufflester', 1626, 2, 225, 68),
('Skyndu', 1094, 2, 226, 59),
('Rhyzio', 1961, 3, 227, 210),
('Ainyx', 1557, 2, 228, 237),
('Quimm', 904, 2, 229, 164),
('Gabcube', 552, 1, 230, 224),
('Browseblab', 1740, 3, 231, 30),
('Eabox', 620, 1, 232, 61),
('Vipe', 1396, 3, 233, 241),
('Oloo', 638, 1, 234, 6),
('Bluejam', 722, 1, 235, 34),
('Twinte', 1465, 3, 236, 121),
('Topiclounge', 399, 2, 237, 55),
('Blogtags', 1806, 2, 238, 8),
('Twiyo', 985, 1, 239, 64),
('Riffpath', 711, 2, 240, 108),
('Voonte', 739, 1, 241, 38),
('Vinte', 1038, 2, 242, 218),
('Roodel', 685, 1, 243, 2),
('Voonyx', 1331, 2, 244, 224),
('Brainsphere', 403, 2, 245, 93),
('Zoombeat', 711, 1, 246, 13),
('Feedspan', 518, 3, 247, 71),
('Trudoo', 916, 1, 248, 247),
('Tagtune', 709, 3, 249, 32),
('Youopia', 1654, 2, 250, 161),
('Miboo', 398, 2, 251, 178),
('Wordware', 1040, 1, 252, 32),
('Trudeo', 1765, 2, 253, 118),
('Yodoo', 1051, 1, 254, 160),
('Viva', 1805, 2, 255, 109),
('Skyba', 357, 3, 256, 184),
('Avavee', 1847, 1, 257, 25),
('Realcube', 662, 1, 258, 17),
('Twitterlist', 1864, 2, 259, 37),
('Jaxspan', 1905, 1, 260, 134),
('Twinder', 1580, 3, 261, 47),
('Fanoodle', 436, 1, 262, 167),
('Twinte', 1948, 2, 263, 3),
('Skyvu', 1887, 2, 264, 191),
('Eamia', 1150, 1, 265, 136),
('Talane', 1658, 3, 266, 145),
('Zooxo', 564, 3, 267, 25),
('Yakitri', 999, 1, 268, 156),
('Photobug', 1250, 2, 269, 236),
('Brainsphere', 1614, 2, 270, 149),
('Topicware', 962, 1, 271, 54),
('Zoomlounge', 1249, 1, 272, 226),
('Edgeify', 469, 1, 273, 190),
('Twitterwire', 571, 2, 274, 36),
('Voonix', 603, 3, 275, 162),
('Gigashots', 410, 1, 276, 216),
('Innojam', 1741, 1, 277, 227),
('Jaxbean', 1201, 2, 278, 116),
('Skyba', 1878, 3, 279, 62),
('Riffpedia', 1084, 2, 280, 126),
('Fiveclub', 1724, 2, 281, 40),
('Bluezoom', 833, 2, 282, 204),
('Jetwire', 824, 1, 283, 131),
('Realcube', 1119, 3, 284, 145),
('Skalith', 930, 2, 285, 21),
('Skilith', 461, 2, 286, 75),
('Quimm', 746, 2, 287, 146),
('Oyoyo', 1410, 1, 288, 130),
('Babbleset', 838, 2, 289, 57),
('Skipfire', 1179, 3, 290, 107),
('Brainbox', 1040, 3, 291, 51),
('Skiba', 830, 1, 292, 201),
('Riffpath', 1725, 3, 293, 190),
('Oyoloo', 1742, 2, 294, 236),
('Dabvine', 1588, 3, 295, 62),
('Kamba', 753, 1, 296, 247),
('Lazz', 1582, 1, 297, 147),
('Dynazzy', 1630, 1, 298, 246),
('Yata', 479, 3, 299, 122),
('BlogXS', 605, 1, 300, 20),
('Corsair', 500, 1, 303, 1),
('Samsung', 1000, 1, 304, 1),
('Samsung', 1000, 1, 305, 258),
('Samsung', 1000, 1, 306, 258),
('SK Hynix', 2000, 3, 307, 258),
('SK Hynix', 2000, 3, 308, 258),
('Western Digital', 4000, 2, 309, 258),
('Western Digital', 4000, 2, 310, 258);

-- --------------------------------------------------------

--
-- Table structure for table `klientai`
--

CREATE TABLE `klientai` (
  `klient_d` int(11) NOT NULL,
  `vardas` varchar(255) NOT NULL,
  `pavarde` varchar(255) NOT NULL,
  `telefono_numeris` varchar(255) NOT NULL,
  `el_pastas` varchar(255) NOT NULL,
  `adresas` varchar(255) NOT NULL
) ENGINE=InnoDB DEFAULT CHARSET=utf8 COLLATE=utf8_lithuanian_ci;

--
-- Dumping data for table `klientai`
--

INSERT INTO `klientai` (`klient_d`, `vardas`, `pavarde`, `telefono_numeris`, `el_pastas`, `adresas`) VALUES
(1, 'Reinaldos', 'Clemenzo', '210-123-0595', 'rclemenzo0@soup.io', '41840 Old Gate Hill'),
(2, 'Maurine', 'Sapauton', '701-164-9746', 'msapauton1@stumbleupon.com', '524 Mallory Drive'),
(3, 'Klement', 'Robers', '280-607-3571', 'krobers2@tripadvisor.com', '99879 Fulton Terrace'),
(4, 'Rad', 'Delap', '225-698-3761', 'rdelap3@economist.com', '500 Spohn Center'),
(5, 'Ruben', 'Wharmby', '905-248-5870', 'rwharmby4@netlog.com', '15340 Gina Alley'),
(6, 'Abelard', 'Kinghorne', '420-962-4783', 'akinghorne5@skype.com', '95 Veith Avenue'),
(7, 'Leigha', 'Wattingham', '151-792-1712', 'lwattingham6@creativecommons.org', '8367 Columbus Trail'),
(8, 'Jaquenetta', 'Bratty', '142-111-2635', 'jbratty7@netlog.com', '679 Mallard Parkway'),
(9, 'Arlina', 'Roiz', '440-481-9017', 'aroiz8@studiopress.com', '4970 Fordem Terrace'),
(10, 'Vidovik', 'Malinson', '544-545-5885', 'vmalinson9@jiathis.com', '91 Eggendart Parkway'),
(11, 'Dame', 'Harms', '606-958-5400', 'dharmsa@ed.gov', 'Apt 351'),
(12, 'Juli', 'Schuricht', '497-740-3163', 'jschurichtb@gnu.org', 'PO Box 64930'),
(13, 'Maryann', 'Oxby', '388-779-6929', 'moxbyc@japanpost.jp', 'Room 421'),
(14, 'Garreth', 'Kohrs', '249-787-9064', 'gkohrsd@tuttocitta.it', 'Suite 10'),
(15, 'Carly', 'Doogan', '395-365-8499', 'cdoogane@gizmodo.com', 'Apt 197'),
(16, 'Emilee', 'Havard', '804-441-5516', 'ehavardf@wufoo.com', 'Apt 1770'),
(17, 'Tanhya', 'Speenden', '884-621-3277', 'tspeendeng@fc2.com', '10th Floor'),
(18, 'Winne', 'Swarbrick', '957-910-9615', 'wswarbrickh@ted.com', '11th Floor'),
(19, 'Tessa', 'Daughtry', '418-973-1908', 'tdaughtryi@umich.edu', '6th Floor'),
(20, 'Marinna', 'Malicki', '638-510-4564', 'mmalickij@google.com.br', 'Apt 451'),
(21, 'Abdul', 'Holton', '758-485-7468', 'aholtonk@fastcompany.com', 'PO Box 35668'),
(22, 'Haskell', 'Rime', '234-363-1129', 'hrimel@hc360.com', 'PO Box 96952'),
(23, 'See', 'Laverock', '436-742-5745', 'slaverockm@ucoz.com', '2nd Floor'),
(24, 'Tod', 'Soppit', '384-697-1689', 'tsoppitn@blogtalkradio.com', 'Apt 546'),
(25, 'Neville', 'Aveson', '893-630-5745', 'navesono@google.com.hk', 'Apt 263'),
(26, 'Korella', 'Isley', '785-975-9022', 'kisleyp@cbsnews.com', 'Apt 1443'),
(27, 'Farrah', 'Dinkin', '672-264-7200', 'fdinkinq@huffingtonpost.com', 'Apt 493'),
(28, 'Rina', 'Gonsalvo', '503-256-8872', 'rgonsalvor@php.net', '19th Floor'),
(29, 'Brita', 'D\'Agostini', '627-419-9202', 'bdagostinis@behance.net', 'PO Box 6794'),
(30, 'Webb', 'Cragell', '950-296-6767', 'wcragellt@webs.com', 'Suite 99'),
(31, 'Gabriele', 'Shelliday', '676-422-5758', 'gshellidayu@canalblog.com', 'Apt 1381'),
(32, 'Lorilyn', 'Wysome', '226-300-9449', 'lwysomev@blogger.com', 'Room 775'),
(33, 'Anita', 'Fenelow', '223-908-0728', 'afeneloww@forbes.com', '5th Floor'),
(34, 'Elbertina', 'Cockran', '488-870-0946', 'ecockranx@yandex.ru', 'Suite 6'),
(35, 'Craggie', 'Burmingham', '466-945-8092', 'cburminghamy@sohu.com', '4th Floor'),
(36, 'Yancey', 'Josefsen', '288-273-6495', 'yjosefsenz@marriott.com', 'Room 426'),
(37, 'Ced', 'Haldin', '201-662-6493', 'chaldin10@utexas.edu', 'Apt 637'),
(38, 'Jacques', 'Briand', '319-363-5358', 'jbriand11@discuz.net', '6th Floor'),
(39, 'Danit', 'Fortesquieu', '844-461-2795', 'dfortesquieu12@networkadvertising.org', 'Suite 82'),
(40, 'Jorey', 'Castro', '265-228-8003', 'jcastro13@exblog.jp', 'Apt 1025'),
(41, 'Mallorie', 'Brady', '612-473-3468', 'mbrady14@mediafire.com', 'Apt 57'),
(42, 'Othelia', 'Leer', '362-504-5414', 'oleer15@mashable.com', 'Room 1825'),
(43, 'Binnie', 'Artiss', '896-727-2484', 'bartiss16@is.gd', '14th Floor'),
(44, 'Cassandry', 'Sibborn', '755-134-3108', 'csibborn17@elpais.com', 'Suite 22'),
(45, 'Dorry', 'Easdon', '252-736-6094', 'deasdon18@nationalgeographic.com', '15th Floor'),
(46, 'Elfrida', 'Hasney', '409-830-3620', 'ehasney19@ehow.com', 'Suite 12'),
(47, 'Remy', 'Bartrop', '177-404-1450', 'rbartrop1a@desdev.cn', '19th Floor'),
(48, 'Cornelia', 'Bish', '741-721-5249', 'cbish1b@bloglovin.com', 'Suite 64'),
(49, 'Margaretta', 'Josefson', '256-394-2071', 'mjosefson1c@theglobeandmail.com', 'PO Box 11635'),
(50, 'Trixie', 'Casetti', '655-708-7519', 'tcasetti1d@tmall.com', '12th Floor'),
(51, 'Mathew', 'Bootherstone', '143-398-9576', 'mbootherstone1e@elegantthemes.com', 'Suite 97'),
(52, 'Olivero', 'Mc Caghan', '450-545-9495', 'omccaghan1f@wsj.com', 'Suite 69'),
(53, 'Vita', 'Champ', '410-915-6853', 'vchamp1g@mayoclinic.com', '10th Floor'),
(54, 'Tommie', 'Ceillier', '488-810-8655', 'tceillier1h@youtube.com', 'Suite 35'),
(55, 'Sisile', 'Cordaroy', '167-619-4695', 'scordaroy1i@paypal.com', 'Suite 78'),
(56, 'Paola', 'Spadeck', '517-944-0502', 'pspadeck1j@umn.edu', 'Apt 1149'),
(57, 'Jennine', 'Stanier', '912-745-1772', 'jstanier1k@biglobe.ne.jp', 'Suite 5'),
(58, 'Flynn', 'Serris', '476-504-4248', 'fserris1l@google.it', 'Suite 98'),
(59, 'Madelena', 'Storek', '714-987-6250', 'mstorek1m@mit.edu', 'Room 120'),
(60, 'Charissa', 'Saddler', '702-997-2630', 'csaddler1n@craigslist.org', 'Suite 9'),
(61, 'Ken', 'Joisce', '742-853-8680', 'kjoisce1o@bloomberg.com', 'Suite 82'),
(62, 'Daren', 'Coushe', '989-593-9777', 'dcoushe1p@wikimedia.org', '12th Floor'),
(63, 'Aile', 'McIlmorow', '858-465-1632', 'amcilmorow1q@cpanel.net', 'Room 1217'),
(64, 'Oriana', 'Kubalek', '201-806-6369', 'okubalek1r@jigsy.com', 'Suite 2'),
(65, 'Appolonia', 'McLugish', '865-715-0855', 'amclugish1s@irs.gov', 'PO Box 53612'),
(66, 'Patric', 'Puden', '770-742-9189', 'ppuden1t@admin.ch', 'PO Box 7558'),
(67, 'Kellia', 'Bruhnsen', '175-946-8634', 'kbruhnsen1u@mapy.cz', '2nd Floor'),
(68, 'Eirena', 'Scowcroft', '329-820-8703', 'escowcroft1v@drupal.org', 'Room 1329'),
(69, 'Norean', 'Yurevich', '338-183-5951', 'nyurevich1w@dagondesign.com', 'PO Box 26865'),
(70, 'Ashlin', 'Ledwidge', '638-490-8951', 'aledwidge1x@constantcontact.com', '9th Floor'),
(71, 'Paulita', 'Yakobovicz', '303-348-0503', 'pyakobovicz1y@ameblo.jp', 'Apt 1640'),
(72, 'Erasmus', 'Halt', '849-198-0075', 'ehalt1z@arstechnica.com', 'PO Box 28834'),
(73, 'Elisabet', 'Orth', '103-230-3060', 'eorth20@barnesandnoble.com', 'Room 756'),
(74, 'Magdalene', 'Wilfinger', '724-491-4493', 'mwilfinger21@creativecommons.org', 'Apt 879'),
(75, 'Sarah', 'Peddar', '201-750-8603', 'speddar22@dot.gov', '18th Floor'),
(76, 'Danita', 'Mullin', '227-362-1880', 'dmullin23@narod.ru', 'Suite 62'),
(77, 'Dougy', 'Cramphorn', '212-751-5757', 'dcramphorn24@vkontakte.ru', 'PO Box 21723'),
(78, 'Bentley', 'Goodlud', '996-977-3558', 'bgoodlud25@free.fr', 'Suite 4'),
(79, 'Ermina', 'Lifsey', '646-458-9806', 'elifsey26@diigo.com', '18th Floor'),
(80, 'Essa', 'Bearward', '112-965-9627', 'ebearward27@toplist.cz', 'Apt 394'),
(81, 'Carlee', 'McEwan', '476-148-0409', 'cmcewan28@elpais.com', 'PO Box 37653'),
(82, 'Jere', 'Currie', '347-817-3351', 'jcurrie29@biglobe.ne.jp', 'Room 622'),
(83, 'Bryn', 'Middlebrook', '110-467-4160', 'bmiddlebrook2a@harvard.edu', 'Apt 113'),
(84, 'Arv', 'Jaksic', '678-399-3187', 'ajaksic2b@reddit.com', 'PO Box 7271'),
(85, 'Milzie', 'Leatherbarrow', '828-668-2159', 'mleatherbarrow2c@usnews.com', 'Apt 1858'),
(86, 'Avram', 'Logsdale', '606-745-0811', 'alogsdale2d@ucsd.edu', 'Room 205'),
(87, 'Debee', 'Grieves', '583-573-0272', 'dgrieves2e@yelp.com', 'Suite 23'),
(88, 'Julita', 'Littlekit', '569-523-8875', 'jlittlekit2f@pcworld.com', 'PO Box 666'),
(89, 'Janenna', 'Pottle', '264-851-0087', 'jpottle2g@ifeng.com', 'Suite 77'),
(90, 'Robbie', 'Moscrop', '946-465-1647', 'rmoscrop2h@nbcnews.com', 'Suite 40'),
(91, 'Kellie', 'Margerrison', '335-665-7285', 'kmargerrison2i@cnn.com', 'Suite 46'),
(92, 'Vance', 'Blasiak', '684-431-8707', 'vblasiak2j@hatena.ne.jp', 'Room 1209'),
(93, 'Reed', 'Brownbridge', '175-454-2721', 'rbrownbridge2k@wikia.com', 'Suite 49'),
(94, 'Tildie', 'Tommasi', '203-267-1018', 'ttommasi2l@sciencedirect.com', 'Room 485'),
(95, 'Graham', 'Glanester', '951-898-8615', 'gglanester2m@blog.com', '5th Floor'),
(96, 'Cinderella', 'Kiendl', '807-787-5016', 'ckiendl2n@hubpages.com', '2nd Floor'),
(97, 'Culver', 'Fairbourne', '650-436-5388', 'cfairbourne2o@1688.com', 'PO Box 62572'),
(98, 'Jodi', 'Evitts', '812-359-6665', 'jevitts2p@feedburner.com', '15th Floor'),
(99, 'Shaine', 'Coytes', '547-857-4386', 'scoytes2q@cam.ac.uk', 'Apt 1859'),
(100, 'Aubert', 'Lehrian', '553-921-7768', 'alehrian2r@pbs.org', 'Suite 54'),
(101, 'Clarice', 'Douce', '922-115-9222', 'cdouce2s@amazonaws.com', 'Apt 1828'),
(102, 'Tim', 'Gillman', '335-774-8769', 'tgillman2t@clickbank.net', '17th Floor'),
(103, 'Joe', 'Eliasson', '442-338-9103', 'jeliasson2u@wix.com', 'Apt 677'),
(104, 'Cthrine', 'Collacombe', '790-835-0553', 'ccollacombe2v@i2i.jp', 'Room 139'),
(105, 'Janis', 'Snowling', '990-938-7805', 'jsnowling2w@unblog.fr', 'Suite 53'),
(106, 'Lindi', 'Menco', '584-552-3334', 'lmenco2x@narod.ru', 'Suite 8'),
(107, 'Elmore', 'Stanyland', '284-208-6120', 'estanyland2y@etsy.com', 'Suite 47'),
(108, 'Demeter', 'Maciocia', '478-782-6612', 'dmaciocia2z@hud.gov', 'Suite 24'),
(109, 'Margaux', 'Lowe', '922-690-5841', 'mlowe30@gizmodo.com', 'Suite 71'),
(110, 'Blaine', 'Myott', '606-664-9906', 'bmyott31@cornell.edu', '15th Floor'),
(111, 'Boycie', 'Foulstone', '552-175-4245', 'bfoulstone32@delicious.com', 'Suite 3'),
(112, 'Egbert', 'Fells', '563-767-5553', 'efells33@pen.io', 'Room 1159'),
(113, 'Giselbert', 'Brereton', '198-869-7720', 'gbrereton34@xinhuanet.com', 'Room 179'),
(114, 'Colet', 'Jeays', '872-844-6866', 'cjeays35@craigslist.org', 'Suite 69'),
(115, 'Caldwell', 'Paquet', '809-301-9552', 'cpaquet36@prlog.org', 'Suite 71'),
(116, 'Bartolemo', 'Moakler', '211-801-3193', 'bmoakler37@youku.com', 'Suite 79'),
(117, 'Chane', 'Whaymand', '622-876-1858', 'cwhaymand38@admin.ch', 'PO Box 1664'),
(118, 'Davey', 'Woodman', '347-733-3551', 'dwoodman39@aol.com', 'Suite 32'),
(119, 'Andree', 'Treweek', '749-191-0288', 'atreweek3a@1und1.de', '5th Floor'),
(120, 'Alix', 'Costock', '829-851-4874', 'acostock3b@yolasite.com', 'Apt 1158'),
(121, 'Teddy', 'MacMenemy', '352-743-8557', 'tmacmenemy3c@nih.gov', '14th Floor'),
(122, 'Gizela', 'Tams', '685-760-6618', 'gtams3d@facebook.com', 'PO Box 59205'),
(123, 'Augustine', 'Hastelow', '295-745-0866', 'ahastelow3e@sciencedirect.com', 'PO Box 56444'),
(124, 'Ermina', 'Roskruge', '611-485-0454', 'eroskruge3f@auda.org.au', '15th Floor'),
(125, 'Jannel', 'Cochran', '804-224-6477', 'jcochran3g@addtoany.com', 'Apt 1019'),
(126, 'Grady', 'Hendricks', '945-383-4478', 'ghendricks3h@washingtonpost.com', '16th Floor'),
(127, 'Donnajean', 'Ferreiro', '943-991-7364', 'dferreiro3i@ihg.com', '17th Floor'),
(128, 'Ariadne', 'Fridlington', '892-414-9346', 'afridlington3j@omniture.com', '10th Floor'),
(129, 'Trev', 'Chadbourn', '805-150-8428', 'tchadbourn3k@who.int', '4th Floor'),
(130, 'Homerus', 'Petrie', '486-238-9273', 'hpetrie3l@psu.edu', '17th Floor'),
(131, 'Jenica', 'Cottill', '518-215-5581', 'jcottill3m@oakley.com', 'PO Box 90056'),
(132, 'Nikola', 'Anthoin', '535-526-8197', 'nanthoin3n@gnu.org', 'Suite 30'),
(133, 'Chauncey', 'Ness', '970-304-6741', 'cness3o@miitbeian.gov.cn', 'Suite 92'),
(134, 'Ayn', 'Luety', '383-679-7404', 'aluety3p@twitter.com', 'Apt 1977'),
(135, 'Abbie', 'Spraggon', '539-226-0935', 'aspraggon3q@com.com', 'PO Box 22279'),
(136, 'Sheila-kathryn', 'Lethlay', '382-180-2514', 'slethlay3r@rambler.ru', '20th Floor'),
(137, 'Katy', 'Haggerwood', '513-501-5989', 'khaggerwood3s@e-recht24.de', 'Suite 29'),
(138, 'Kata', 'Robbe', '788-923-7235', 'krobbe3t@omniture.com', 'Suite 40'),
(139, 'Penelopa', 'Origan', '312-949-9888', 'porigan3u@bizjournals.com', 'Suite 8'),
(140, 'Domeniga', 'Straun', '480-763-6945', 'dstraun3v@google.com.au', 'Room 956'),
(141, 'Parsifal', 'Concannon', '790-947-9332', 'pconcannon3w@zimbio.com', '10th Floor'),
(142, 'Ottilie', 'Eringey', '412-982-3179', 'oeringey3x@homestead.com', 'Room 1890'),
(143, 'Theressa', 'Oldmeadow', '891-499-5951', 'toldmeadow3y@mozilla.com', '18th Floor'),
(144, 'Roseanne', 'Wahner', '996-122-1539', 'rwahner3z@slashdot.org', 'Suite 97'),
(145, 'Maribeth', 'Lucio', '583-243-0485', 'mlucio40@japanpost.jp', '9th Floor'),
(146, 'Dalston', 'Munnion', '952-691-4244', 'dmunnion41@yellowpages.com', 'Room 622'),
(147, 'Wes', 'Krollman', '516-241-3700', 'wkrollman42@wikia.com', 'Suite 38'),
(148, 'Dari', 'Minard', '738-488-5932', 'dminard43@free.fr', 'PO Box 31781'),
(149, 'Erinn', 'Budibent', '105-188-1438', 'ebudibent44@hhs.gov', 'Apt 1536'),
(150, 'Henrieta', 'Sumbler', '471-868-4674', 'hsumbler45@squarespace.com', 'PO Box 82237'),
(151, 'Hans', 'Cossom', '767-627-4019', 'hcossom46@google.nl', 'Room 1801'),
(152, 'Zeke', 'Methven', '248-903-7306', 'zmethven47@yale.edu', 'Suite 75'),
(153, 'Seumas', 'Kiley', '453-597-5101', 'skiley48@blog.com', '4th Floor'),
(154, 'Danie', 'Theurer', '909-261-6381', 'dtheurer49@jiathis.com', '2nd Floor'),
(155, 'Netti', 'Kennally', '865-710-9845', 'nkennally4a@mac.com', '3rd Floor'),
(156, 'Faunie', 'Kinningley', '503-382-6793', 'fkinningley4b@ox.ac.uk', 'Apt 625'),
(157, 'Tyson', 'Garratt', '993-179-4595', 'tgarratt4c@stanford.edu', '2nd Floor'),
(158, 'Reginald', 'Reightley', '774-824-4455', 'rreightley4d@theatlantic.com', '11th Floor'),
(159, 'Bernette', 'Corkel', '360-394-3166', 'bcorkel4e@icq.com', '20th Floor'),
(160, 'Lou', 'D\'Almeida', '172-451-5135', 'ldalmeida4f@arizona.edu', 'Room 428'),
(161, 'Thayne', 'O\'Dwyer', '458-628-6257', 'todwyer4g@wikia.com', '2nd Floor'),
(162, 'Violette', 'Raecroft', '437-143-1869', 'vraecroft4h@linkedin.com', 'Apt 529'),
(163, 'Addi', 'Booty', '867-234-7768', 'abooty4i@cornell.edu', 'Apt 1366'),
(164, 'Mela', 'Yorke', '295-673-3922', 'myorke4j@umn.edu', 'Suite 58'),
(165, 'Hendrick', 'Costellow', '555-292-6450', 'hcostellow4k@columbia.edu', 'Suite 58'),
(166, 'Ame', 'Boorn', '702-902-7000', 'aboorn4l@walmart.com', 'PO Box 30907'),
(167, 'Burg', 'Ballston', '478-283-2985', 'bballston4m@creativecommons.org', 'PO Box 46721'),
(168, 'Matias', 'Hedylstone', '706-729-0567', 'mhedylstone4n@unc.edu', '15th Floor'),
(169, 'Shaw', 'Gurwood', '448-455-2713', 'sgurwood4o@pcworld.com', 'Suite 74'),
(170, 'Kristal', 'Vaughan-Hughes', '577-930-3745', 'kvaughanhughes4p@stanford.edu', 'PO Box 35217'),
(171, 'Petronia', 'Delacroux', '621-285-2343', 'pdelacroux4q@sbwire.com', 'Apt 711'),
(172, 'Dion', 'Weond', '461-335-1516', 'dweond4r@taobao.com', 'Suite 49'),
(173, 'Ira', 'Bestiman', '623-252-8106', 'ibestiman4s@51.la', 'Room 1810'),
(174, 'Lorrin', 'Albutt', '726-331-5632', 'lalbutt4t@wikimedia.org', '4th Floor'),
(175, 'Roxy', 'Collman', '556-314-2127', 'rcollman4u@mac.com', 'Room 1749'),
(176, 'Tressa', 'Fleetwood', '977-539-4860', 'tfleetwood4v@gizmodo.com', 'Apt 1426'),
(177, 'Annemarie', 'Wimbury', '953-657-9685', 'awimbury4w@unesco.org', 'Room 2000'),
(178, 'Ivonne', 'Byllam', '936-285-9423', 'ibyllam4x@adobe.com', 'Apt 1897'),
(179, 'Charmane', 'Mugg', '487-719-5359', 'cmugg4y@pcworld.com', 'PO Box 38503'),
(180, 'Shannon', 'Skepper', '847-700-2568', 'sskepper4z@admin.ch', 'PO Box 66408'),
(181, 'Ina', 'De Vries', '545-712-5570', 'idevries50@umn.edu', '2nd Floor'),
(182, 'Francisca', 'Nolan', '934-737-6251', 'fnolan51@hp.com', '18th Floor'),
(183, 'Neville', 'Heddan', '464-651-3310', 'nheddan52@marketwatch.com', 'PO Box 30521'),
(184, 'Winny', 'Marsie', '814-311-6668', 'wmarsie53@ucoz.ru', 'Room 1236'),
(185, 'Remington', 'Predohl', '893-398-6703', 'rpredohl54@moonfruit.com', 'Suite 41'),
(186, 'Chelsie', 'Midden', '445-193-3974', 'cmidden55@yellowbook.com', 'PO Box 27705'),
(187, 'Padget', 'O\'Bruen', '368-456-4348', 'pobruen56@yahoo.com', 'Apt 1983'),
(188, 'Hagan', 'Bollard', '995-664-1054', 'hbollard57@networksolutions.com', 'Suite 85'),
(189, 'Aida', 'Swanson', '121-604-6940', 'aswanson58@nyu.edu', '1st Floor'),
(190, 'Aubrey', 'Brise', '893-855-9791', 'abrise59@hubpages.com', 'Suite 21'),
(191, 'Borden', 'Le Friec', '797-552-7200', 'blefriec5a@economist.com', 'Suite 50'),
(192, 'Alfie', 'Stable', '304-766-2268', 'astable5b@smugmug.com', 'PO Box 12777'),
(193, 'Tomi', 'MacCard', '351-211-8521', 'tmaccard5c@posterous.com', 'Room 719'),
(194, 'Ofilia', 'Steptow', '718-676-7932', 'osteptow5d@princeton.edu', 'Apt 1422'),
(195, 'Griz', 'Jefferson', '251-882-7168', 'gjefferson5e@nps.gov', 'PO Box 81713'),
(196, 'Bernhard', 'Gillard', '834-365-1795', 'bgillard5f@thetimes.co.uk', '6th Floor'),
(197, 'Justus', 'Standley', '902-829-2903', 'jstandley5g@craigslist.org', 'Apt 870'),
(198, 'Jeanie', 'Eakle', '607-329-1585', 'jeakle5h@vistaprint.com', '14th Floor'),
(199, 'Rhett', 'Fawke', '474-601-6121', 'rfawke5i@mayoclinic.com', '11th Floor'),
(200, 'Rozanna', 'Yeoland', '370-308-8855', 'ryeoland5j@comcast.net', '14th Floor'),
(201, 'Brewer', 'Ricardet', '352-474-5868', 'Male', '22 Elka Drive'),
(202, 'Gregoire', 'Corradeschi', '874-512-0974', 'Bigender', '87 Tomscot Terrace'),
(203, 'Chauncey', 'Petrina', '110-291-1678', 'Bigender', '770 Declaration Trail'),
(204, 'Den', 'Jacobovitz', '969-766-5353', 'Male', '61 Ilene Junction'),
(205, 'Deeanne', 'MacQueen', '835-635-5716', 'Female', '6792 Declaration Circle'),
(206, 'Keri', 'O\'Luby', '731-684-4801', 'Female', '60 Mesta Circle'),
(207, 'Rubina', 'Wollrauch', '173-747-2177', 'Female', '494 Sugar Center'),
(208, 'Livvyy', 'Venneur', '139-901-5058', 'Female', '7 Autumn Leaf Street'),
(209, 'Craggie', 'Michele', '397-604-9990', 'Male', '9 Del Mar Alley'),
(210, 'Javier', 'Darben', '448-792-9707', 'Agender', '3 Sage Alley'),
(211, 'Amberly', 'Hankard', '524-923-4641', 'Female', '4842 Bobwhite Street'),
(212, 'Grace', 'Want', '824-254-2674', 'Female', '1351 Mallory Junction'),
(213, 'Virginia', 'Darrel', '648-401-1722', 'Female', '15 Vahlen Junction'),
(214, 'Beck', 'Brimley', '678-678-1645', 'Male', '5 Hoard Street'),
(215, 'Daisie', 'Dimitrijevic', '562-421-1885', 'Female', '68079 Manufacturers Hill'),
(216, 'Demeter', 'Llewellyn', '322-341-4449', 'Genderqueer', '804 Fairview Parkway'),
(217, 'Oswald', 'Gwynn', '147-106-1021', 'Male', '265 7th Hill'),
(218, 'Noach', 'Judkins', '812-936-9172', 'Polygender', '1959 Village Green Avenue'),
(219, 'Catlin', 'Normabell', '768-660-7141', 'Female', '32 Portage Road'),
(220, 'Moss', 'Cushe', '582-684-8557', 'Male', '08168 Brentwood Crossing'),
(221, 'Curr', 'Beckerleg', '378-222-1794', 'Male', '49087 Loftsgordon Crossing'),
(222, 'Elga', 'Harnetty', '140-108-8795', 'Female', '51322 Warrior Avenue'),
(223, 'Paulo', 'Switsur', '709-565-8173', 'Male', '6 Calypso Trail'),
(224, 'Tabbie', 'Riddel', '868-181-3695', 'Male', '250 Melvin Street'),
(225, 'Dewey', 'Eddies', '786-938-5793', 'Male', '826 Waubesa Trail'),
(226, 'Marybelle', 'Raffan', '966-165-1425', 'Female', '0 Toban Court'),
(227, 'Andree', 'Mingaud', '897-500-9182', 'Female', '5 Surrey Trail'),
(228, 'Rowe', 'Lawlance', '410-840-5512', 'Female', '67263 Elmside Drive'),
(229, 'Jammie', 'Peto', '949-754-2451', 'Female', '39437 Portage Terrace'),
(230, 'Hadlee', 'Ternault', '610-755-3883', 'Male', '31 Lien Plaza'),
(231, 'Bill', 'Blazi', '912-494-6846', 'Female', '0636 Fair Oaks Center'),
(232, 'Quincy', 'Cottrill', '843-288-8340', 'Male', '4671 Marcy Point'),
(233, 'Stephie', 'Nears', '759-753-1965', 'Genderqueer', '2 Fisk Trail'),
(234, 'Fae', 'Muldoon', '550-792-0765', 'Female', '599 Arrowood Circle'),
(235, 'Hillary', 'Cowdry', '820-760-1211', 'Male', '4541 Shoshone Parkway'),
(236, 'Coralyn', 'Nevitt', '853-731-4159', 'Female', '68431 Bartelt Terrace'),
(237, 'Chiarra', 'Willingham', '202-287-7726', 'Female', '31 Burning Wood Hill'),
(238, 'Pattin', 'Frend', '564-550-3303', 'Male', '80643 Acker Drive'),
(239, 'Berty', 'Rideout', '319-257-7630', 'Female', '6 Banding Avenue'),
(240, 'Shawna', 'Lipgens', '681-460-0296', 'Female', '210 Arapahoe Trail'),
(241, 'Armando', 'Pottes', '219-447-6834', 'Male', '771 Armistice Place'),
(242, 'Lamont', 'Domegan', '700-922-7560', 'Male', '8379 Kim Park'),
(243, 'Cyril', 'McOrkil', '550-222-3499', 'Male', '55 4th Junction'),
(244, 'Shani', 'Gritsaev', '182-311-5146', 'Female', '351 Mallory Junction'),
(245, 'Sarah', 'Ryrie', '916-210-1317', 'Female', '1 Anzinger Lane'),
(246, 'Nicola', 'Gallaccio', '520-913-2047', 'Male', '5 High Crossing Circle'),
(247, 'Tamarra', 'Pietersma', '633-418-1765', 'Female', '429 Milwaukee Street'),
(248, 'Nilson', 'Greig', '307-181-1131', 'Bigender', '99908 High Crossing Alley'),
(249, 'Wyn', 'Glasman', '192-476-9344', 'Male', '25 Grim Avenue'),
(250, 'Roobbie', 'Twoohy', '287-633-9250', 'Female', '334 Lighthouse Bay Alley');

-- --------------------------------------------------------

--
-- Table structure for table `kompiuteriai`
--

CREATE TABLE `kompiuteriai` (
  `komp_id` int(11) NOT NULL,
  `pavadinimas` varchar(255) NOT NULL,
  `procesorius` varchar(255) NOT NULL,
  `pagrindine_atmintis` varchar(255) NOT NULL,
  `vaizdo_plokste` varchar(255) NOT NULL,
  `maitinimo_blokas` varchar(255) NOT NULL,
  `motinines_plokstes_tipas` int(11) NOT NULL,
  `korpusas` int(11) NOT NULL,
  `ausinimas` int(11) NOT NULL,
  `fk_TIEKEJAS` int(11) NOT NULL,
  `fk_UZSAKYMAS` int(11) DEFAULT NULL
) ENGINE=InnoDB DEFAULT CHARSET=utf8 COLLATE=utf8_lithuanian_ci;

--
-- Dumping data for table `kompiuteriai`
--

INSERT INTO `kompiuteriai` (`komp_id`, `pavadinimas`, `procesorius`, `pagrindine_atmintis`, `vaizdo_plokste`, `maitinimo_blokas`, `motinines_plokstes_tipas`, `korpusas`, `ausinimas`, `fk_TIEKEJAS`, `fk_UZSAKYMAS`) VALUES
(1, 'Mazylis Eco 1', 'Intel Celeron J4005', '8GB DDR4 3200 MHz', 'Intel UHD Graphics 600', '100W', 1, 1, 2, 21, 257),
(2, 'Darbui', 'Intel Celeron G6900', '8GB DDR4-3200', ' Intel UHD Graphics 710', '500W', 3, 1, 2, 23, 2),
(3, 'RYZEN 3 PRO', 'AMD Ryzen 3 4300G', '8GB DDR4 3200Mhz', 'Radeon Graphics', '450W', 2, 4, 1, 4, 3),
(4, 'ATEITIES i3', 'Intel Core i3-10100 3.60 GHz - 4.30 GHz (Comet Lake)', '8GB DDR4', 'Intel UHD Graphics 630', '300W', 1, 1, 2, 7, 4),
(5, 'CHAMPIONS 1', 'Intel Core i5-12400F', '16GB DDR4-3200', 'MSI GeForce RTX 3060 VENTUS 2X 12GB', 'MSI MAG A650BN 650W', 4, 4, 1, 21, 5),
(6, 'eSports Gaming RTX 4070 Ti', 'Intel Core i5-13500', '32GB DDR4-3600', 'GeForce RTX 4070 Ti 12GB', 'Deepcool DQ750ST 80PLUS GOLD 750 W', 4, 2, 1, 7, 6),
(7, 'MSI Snow Edition i7 Limited', 'Intel Core i7-13700KF', '32GB (2x16GB) DDR4 3600Mhz', 'GeForce RTX 3070 8GB', 'MSI MPG A750GF', 4, 3, 2, 24, 7),
(8, 'CHAMPIONS 3', 'Intel Core i9-12900KF', '32GB DDR4-3600', 'GeForce RTX 3070', 'AEROCOOL AEROPGSLUXRGB-750 - 750W', 2, 4, 1, 18, 8),
(9, 'TOP GUN 13', 'Intel Core i7-13700KF', '32GB DDR5-5600', 'NVIDIA GeForce RTX 4070 Ti', 'MSI MPG A850GF - 850W', 1, 3, 2, 20, 9),
(10, 'Supreme 4080 D5', 'Intel Core i7-13700KF', '32GB DDR5-5600 RGB', 'GeForce RTX 4080', 'Corsair RMx Series RM850x 850W 80 PLUS Gold', 4, 1, 1, 14, 10),
(11, 'Darbui', 'AMD Ryzen 3 4300G', '16GB DDR4-3200', 'GeForce RTX 3070', 'AEROCOOL AEROPGSLUXRGB-750 - 750W', 1, 3, 2, 143, 11),
(12, 'CHAMPIONS 3', 'Intel Core i7-13700KF', '8GB DDR4-3200', 'Intel UHD Graphics 710', 'MSI MPG A850GF - 850W', 4, 4, 1, 222, 12),
(13, 'Supreme D5', 'Intel Core i3-10100 3.60 GHz - 4.30 GHz (Comet Lake)', '8GB DDR4', 'GeForce RTX 4080', '100W', 3, 1, 1, 79, 13),
(14, 'MSI Snow Edition', 'Intel Core i5-12400F', '8GB DDR4-3200', 'GeForce RTX 3070 8GB', 'Corsair RMx Series RM850x 850W 80 PLUS Gold', 4, 2, 2, 110, 14),
(15, 'RYZEN 3 PRO', 'Intel Celeron G6900', '32GB DDR4-3600', 'NVIDIA GeForce RTX 4070 Ti', 'MSI MAG A650BN 650W', 1, 2, 1, 4, 15),
(16, 'MSI Snow Edition', 'Intel Core i5-13500', '16GB DDR4-3200', 'Intel UHD Graphics 600', 'Deepcool DQ750ST 80PLUS GOLD 750 W', 4, 2, 1, 35, 16),
(17, 'TOP GUN 13', 'Intel Core i5-13500', '32GB DDR4-3600', 'Intel UHD Graphics 710', '100W', 3, 2, 2, 106, 17),
(18, 'MSI Snow Edition', 'Intel Core i5-12400F', '32GB DDR5-5600', 'Radeon Graphics', '450W', 2, 3, 2, 54, 18),
(19, 'ATEITIES i3', 'Intel Core i9-12900KF', '32GB (2x16GB) DDR4 3600Mhz', 'Intel UHD Graphics 630', 'AEROCOOL AEROPGSLUXRGB-750 - 750W', 3, 2, 2, 168, 19),
(20, 'CHAMPIONS 3', 'Intel Celeron G6900', '32GB DDR5-5600', 'MSI GeForce RTX 3060 VENTUS 2X 12GB', '100W', 2, 3, 2, 205, 20),
(21, 'CHAMPIONS 3', 'Intel Celeron G6900', '32GB DDR5-5600', 'GeForce RTX 4080', 'Deepcool DQ750ST 80PLUS GOLD 750 W', 1, 4, 1, 195, 21),
(22, 'Supreme D5', 'Intel Core i5-13500', '8GB DDR4', 'GeForce RTX 4080', '500W', 2, 4, 1, 191, 22),
(23, 'Mazylis Eco 1', 'Intel Celeron G6900', '8GB DDR4', 'Intel UHD Graphics 630', 'Deepcool DQ750ST 80PLUS GOLD 750 W', 1, 1, 2, 231, 23),
(24, 'Darbui', 'Intel Core i9-12900KF', '32GB DDR5-5600 RGB', 'GeForce RTX 4080', '300W', 4, 2, 1, 208, 24),
(25, 'Darbui', 'Intel Celeron J4005', '32GB DDR4-3600', 'GeForce RTX 4080', 'MSI MPG A750GF', 2, 2, 1, 124, 25),
(26, 'eSports Gaming', 'Intel Core i9-12900KF', '32GB DDR4-3600', 'GeForce RTX 3070', 'MSI MPG A750GF', 2, 4, 2, 127, 26),
(27, 'CHAMPIONS 1', 'Intel Core i5-12400F', '32GB DDR5-5600', 'MSI GeForce RTX 3060 VENTUS 2X 12GB', '300W', 3, 1, 2, 3, 27),
(28, 'Supreme D5', 'Intel Core i9-12900KF', '32GB DDR5-5600 RGB', 'Intel UHD Graphics 630', '450W', 3, 2, 2, 162, 28),
(29, 'TOP GUN 13', 'Intel Core i3-10100 3.60 GHz - 4.30 GHz (Comet Lake)', '32GB (2x16GB) DDR4 3600Mhz', 'GeForce RTX 4070 Ti 12GB', '450W', 1, 4, 1, 31, 29),
(30, 'RYZEN 3 PRO', 'AMD Ryzen 3 4300G', '8GB DDR4 3200Mhz', 'Radeon Graphics', 'MSI MPG A850GF - 850W', 4, 2, 2, 27, 30),
(31, 'Darbui', 'AMD Ryzen 3 4300G', '8GB DDR4 3200 MHz', 'NVIDIA GeForce RTX 4070 Ti', '500W', 2, 1, 1, 249, 31),
(32, 'eSports Gaming', 'Intel Core i5-13500', '8GB DDR4-3200', 'GeForce RTX 3070', '300W', 1, 4, 1, 125, 32),
(33, 'Supreme D5', 'AMD Ryzen 3 4300G', '32GB DDR5-5600', 'GeForce RTX 4070 Ti 12GB', '450W', 2, 1, 2, 83, 33),
(34, 'CHAMPIONS 1', 'Intel Core i3-10100 3.60 GHz - 4.30 GHz (Comet Lake)', '32GB (2x16GB) DDR4 3600Mhz', 'Intel UHD Graphics 600', '100W', 3, 2, 1, 168, 34),
(35, 'Supreme D5', 'Intel Celeron G6900', '32GB DDR5-5600', 'Radeon Graphics', '450W', 3, 1, 1, 167, 35),
(36, 'CHAMPIONS 1', 'Intel Core i7-13700KF', '32GB DDR5-5600', 'Intel UHD Graphics 630', '500W', 1, 1, 1, 58, 36),
(37, 'TOP GUN 13', 'Intel Celeron G6900', '32GB (2x16GB) DDR4 3600Mhz', 'MSI GeForce RTX 3060 VENTUS 2X 12GB', '500W', 3, 4, 1, 13, 37),
(38, 'eSports Gaming', 'Intel Core i7-13700KF', '8GB DDR4-3200', 'Intel UHD Graphics 710', 'MSI MPG A750GF', 2, 4, 1, 102, 38),
(39, 'Darbui', 'Intel Celeron J4005', '8GB DDR4', 'Intel UHD Graphics 630', '300W', 1, 4, 1, 152, 39),
(40, 'Mazylis Eco 1', 'Intel Core i7-13700KF', '16GB DDR4-3200', 'GeForce RTX 4070 Ti 12GB', 'Deepcool DQ750ST 80PLUS GOLD 750 W', 1, 4, 2, 141, 40),
(41, 'Supreme D5', 'Intel Core i5-12400F', '32GB (2x16GB) DDR4 3600Mhz', 'GeForce RTX 3070', 'AEROCOOL AEROPGSLUXRGB-750 - 750W', 4, 4, 1, 216, 41),
(42, 'CHAMPIONS 1', 'Intel Core i7-13700KF', '8GB DDR4 3200Mhz', 'GeForce RTX 4070 Ti 12GB', 'MSI MAG A650BN 650W', 2, 2, 1, 75, 42),
(43, 'Supreme D5', 'Intel Core i5-12400F', '8GB DDR4 3200Mhz', 'GeForce RTX 4080', 'MSI MAG A650BN 650W', 3, 4, 2, 54, 43),
(44, 'CHAMPIONS 3', 'Intel Core i7-13700KF', '32GB DDR4-3600', 'GeForce RTX 3070 8GB', 'AEROCOOL AEROPGSLUXRGB-750 - 750W', 4, 3, 1, 181, 44),
(45, 'MSI Snow Edition', 'Intel Core i7-13700KF', '8GB DDR4 3200 MHz', 'Radeon Graphics', 'MSI MPG A850GF - 850W', 2, 4, 2, 164, 45),
(46, 'ATEITIES i3', 'Intel Core i3-10100 3.60 GHz - 4.30 GHz (Comet Lake)', '8GB DDR4 3200 MHz', 'GeForce RTX 3070 8GB', '500W', 4, 1, 1, 20, 46),
(47, 'CHAMPIONS 3', 'Intel Celeron J4005', '8GB DDR4 3200 MHz', 'NVIDIA GeForce RTX 4070 Ti', 'AEROCOOL AEROPGSLUXRGB-750 - 750W', 4, 2, 1, 179, 47),
(48, 'eSports Gaming', 'Intel Core i3-10100 3.60 GHz - 4.30 GHz (Comet Lake)', '16GB DDR4-3200', 'Intel UHD Graphics 630', 'Corsair RMx Series RM850x 850W 80 PLUS Gold', 1, 4, 2, 58, 48),
(49, 'CHAMPIONS 3', 'Intel Celeron J4005', '8GB DDR4-3200', 'MSI GeForce RTX 3060 VENTUS 2X 12GB', 'MSI MPG A850GF - 850W', 2, 3, 1, 82, 49),
(50, 'CHAMPIONS 3', 'Intel Core i3-10100 3.60 GHz - 4.30 GHz (Comet Lake)', '8GB DDR4 3200Mhz', 'Radeon Graphics', 'MSI MPG A750GF', 3, 2, 2, 130, 50),
(51, 'Mazylis Eco 1', 'Intel Celeron J4005', '32GB (2x16GB) DDR4 3600Mhz', 'Radeon Graphics', 'MSI MPG A750GF', 3, 2, 1, 4, 51),
(52, 'Supreme D5', 'Intel Core i5-12400F', '32GB DDR4-3600', 'Intel UHD Graphics 710', 'MSI MAG A650BN 650W', 1, 2, 1, 178, 52),
(53, 'Supreme D5', 'Intel Core i5-13500', '8GB DDR4-3200', 'GeForce RTX 3070 8GB', 'MSI MPG A850GF - 850W', 4, 2, 1, 59, 53),
(54, 'ATEITIES i3', 'Intel Celeron G6900', '32GB (2x16GB) DDR4 3600Mhz', 'NVIDIA GeForce RTX 4070 Ti', 'Deepcool DQ750ST 80PLUS GOLD 750 W', 2, 2, 1, 111, 54),
(55, 'eSports Gaming', 'Intel Core i9-12900KF', '8GB DDR4 3200Mhz', 'GeForce RTX 4080', 'MSI MAG A650BN 650W', 3, 4, 1, 100, 55),
(56, 'Darbui', 'Intel Core i5-12400F', '16GB DDR4-3200', 'Intel UHD Graphics 630', 'MSI MPG A750GF', 1, 1, 2, 250, 56),
(57, 'CHAMPIONS 3', 'AMD Ryzen 3 4300G', '32GB DDR5-5600 RGB', 'Intel UHD Graphics 710', 'MSI MPG A850GF - 850W', 4, 4, 1, 24, 57),
(58, 'MSI Snow Edition', 'Intel Core i5-12400F', '8GB DDR4-3200', 'MSI GeForce RTX 3060 VENTUS 2X 12GB', '500W', 4, 2, 2, 116, 255),
(59, 'ATEITIES i3', 'Intel Celeron J4005', '8GB DDR4 3200Mhz', 'MSI GeForce RTX 3060 VENTUS 2X 12GB', 'MSI MPG A750GF', 1, 4, 2, 247, 59),
(60, 'eSports Gaming', 'Intel Core i7-13700KF', '8GB DDR4-3200', 'Intel UHD Graphics 710', 'Corsair RMx Series RM850x 850W 80 PLUS Gold', 4, 2, 1, 233, 60),
(61, 'RYZEN 3 PRO', 'Intel Core i5-13500', '32GB DDR5-5600', 'Intel UHD Graphics 600', '300W', 3, 4, 2, 87, 61),
(62, 'CHAMPIONS 1', 'Intel Core i5-12400F', '32GB (2x16GB) DDR4 3600Mhz', 'Radeon Graphics', '300W', 3, 1, 2, 188, 62),
(63, 'TOP GUN 13', 'Intel Core i7-13700KF', '8GB DDR4 3200Mhz', 'MSI GeForce RTX 3060 VENTUS 2X 12GB', 'MSI MPG A850GF - 850W', 3, 4, 1, 138, 63),
(64, 'Darbui', 'Intel Core i9-12900KF', '32GB DDR4-3600', 'MSI GeForce RTX 3060 VENTUS 2X 12GB', 'Corsair RMx Series RM850x 850W 80 PLUS Gold', 4, 4, 2, 226, 64),
(65, 'CHAMPIONS 3', 'Intel Core i5-12400F', '16GB DDR4-3200', 'MSI GeForce RTX 3060 VENTUS 2X 12GB', 'MSI MPG A850GF - 850W', 4, 4, 1, 161, 65),
(66, 'ATEITIES i3', 'Intel Core i3-10100 3.60 GHz - 4.30 GHz (Comet Lake)', '8GB DDR4 3200Mhz', 'Intel UHD Graphics 600', 'MSI MPG A750GF', 2, 1, 1, 234, 66),
(67, 'MSI Snow Edition', 'Intel Celeron G6900', '32GB DDR4-3600', 'Radeon Graphics', 'MSI MPG A850GF - 850W', 3, 4, 1, 223, 67),
(68, 'Darbui', 'Intel Core i3-10100 3.60 GHz - 4.30 GHz (Comet Lake)', '32GB (2x16GB) DDR4 3600Mhz', 'GeForce RTX 4070 Ti 12GB', '100W', 4, 2, 1, 65, 68),
(69, 'Mazylis Eco 1', 'Intel Celeron G6900', '16GB DDR4-3200', 'GeForce RTX 4070 Ti 12GB', '450W', 1, 3, 2, 74, 69),
(70, 'RYZEN 3 PRO', 'Intel Core i3-10100 3.60 GHz - 4.30 GHz (Comet Lake)', '8GB DDR4 3200 MHz', 'Intel UHD Graphics 630', 'AEROCOOL AEROPGSLUXRGB-750 - 750W', 1, 2, 1, 153, 70),
(71, 'RYZEN 3 PRO', 'Intel Celeron J4005', '8GB DDR4', 'GeForce RTX 3070 8GB', 'Corsair RMx Series RM850x 850W 80 PLUS Gold', 3, 4, 1, 138, 71),
(72, 'CHAMPIONS 3', 'Intel Celeron J4005', '32GB DDR5-5600', 'GeForce RTX 4070 Ti 12GB', '500W', 4, 1, 1, 124, 72),
(73, 'Darbui', 'Intel Celeron J4005', '16GB DDR4-3200', 'NVIDIA GeForce RTX 4070 Ti', 'MSI MPG A750GF', 2, 2, 2, 86, 73),
(74, 'Supreme D5', 'Intel Celeron J4005', '32GB DDR5-5600 RGB', 'Radeon Graphics', 'Corsair RMx Series RM850x 850W 80 PLUS Gold', 4, 2, 2, 151, 74),
(75, 'RYZEN 3 PRO', 'Intel Core i3-10100 3.60 GHz - 4.30 GHz (Comet Lake)', '32GB DDR5-5600', 'Intel UHD Graphics 600', 'MSI MPG A750GF', 3, 1, 2, 125, 75),
(76, 'RYZEN 3 PRO', 'Intel Celeron G6900', '16GB DDR4-3200', 'Intel UHD Graphics 600', 'MSI MAG A650BN 650W', 1, 3, 2, 33, 76),
(77, 'RYZEN 3 PRO', 'Intel Core i9-12900KF', '32GB (2x16GB) DDR4 3600Mhz', 'Intel UHD Graphics 710', 'AEROCOOL AEROPGSLUXRGB-750 - 750W', 1, 3, 2, 48, 77),
(78, 'RYZEN 3 PRO', 'Intel Core i5-13500', '8GB DDR4', 'NVIDIA GeForce RTX 4070 Ti', 'Corsair RMx Series RM850x 850W 80 PLUS Gold', 4, 3, 1, 169, 78),
(79, 'eSports Gaming', 'AMD Ryzen 3 4300G', '32GB DDR5-5600', 'GeForce RTX 3070', 'MSI MPG A850GF - 850W', 3, 1, 2, 160, 79),
(80, 'ATEITIES i3', 'Intel Core i9-12900KF', '32GB DDR5-5600 RGB', 'Intel UHD Graphics 600', '500W', 4, 2, 1, 215, 80),
(81, 'ATEITIES i3', 'Intel Celeron J4005', '32GB DDR5-5600', 'Intel UHD Graphics 630', '500W', 1, 3, 2, 42, 81),
(82, 'Mazylis Eco 1', 'Intel Core i3-10100 3.60 GHz - 4.30 GHz (Comet Lake)', '8GB DDR4', 'MSI GeForce RTX 3060 VENTUS 2X 12GB', '100W', 2, 1, 1, 148, 82),
(83, 'TOP GUN 13', 'Intel Core i3-10100 3.60 GHz - 4.30 GHz (Comet Lake)', '8GB DDR4', 'Intel UHD Graphics 710', '500W', 2, 1, 1, 66, 83),
(84, 'Supreme D5', 'Intel Core i3-10100 3.60 GHz - 4.30 GHz (Comet Lake)', '16GB DDR4-3200', 'Intel UHD Graphics 710', '450W', 3, 4, 1, 115, 84),
(85, 'eSports Gaming', 'AMD Ryzen 3 4300G', '32GB DDR5-5600 RGB', 'GeForce RTX 3070 8GB', '300W', 3, 4, 1, 96, 85),
(86, 'MSI Snow Edition', 'Intel Core i5-12400F', '8GB DDR4 3200 MHz', 'GeForce RTX 4070 Ti 12GB', '450W', 4, 3, 2, 116, 86),
(87, 'TOP GUN 13', 'Intel Core i9-12900KF', '32GB DDR4-3600', 'GeForce RTX 4070 Ti 12GB', 'MSI MPG A850GF - 850W', 2, 1, 2, 90, 87),
(88, 'Mazylis Eco 1', 'Intel Celeron G6900', '32GB DDR4-3600', 'GeForce RTX 4080', 'MSI MPG A850GF - 850W', 1, 1, 1, 118, 88),
(89, 'ATEITIES i3', 'Intel Core i9-12900KF', '8GB DDR4 3200 MHz', 'Intel UHD Graphics 600', '500W', 3, 4, 2, 44, 89),
(90, 'ATEITIES i3', 'Intel Core i3-10100 3.60 GHz - 4.30 GHz (Comet Lake)', '8GB DDR4', 'GeForce RTX 4070 Ti 12GB', 'MSI MPG A750GF', 2, 1, 1, 243, 90),
(91, 'CHAMPIONS 3', 'Intel Core i3-10100 3.60 GHz - 4.30 GHz (Comet Lake)', '16GB DDR4-3200', 'GeForce RTX 4070 Ti 12GB', '500W', 4, 4, 1, 157, 91),
(92, 'TOP GUN 13', 'Intel Celeron J4005', '8GB DDR4 3200Mhz', 'GeForce RTX 4070 Ti 12GB', 'Corsair RMx Series RM850x 850W 80 PLUS Gold', 4, 2, 2, 37, 92),
(93, 'Mazylis Eco 1', 'Intel Celeron G6900', '32GB DDR5-5600 RGB', 'Intel UHD Graphics 600', 'MSI MPG A750GF', 3, 3, 2, 146, 93),
(94, 'Darbui', 'Intel Core i3-10100 3.60 GHz - 4.30 GHz (Comet Lake)', '32GB DDR5-5600', 'GeForce RTX 3070 8GB', 'Corsair RMx Series RM850x 850W 80 PLUS Gold', 4, 4, 2, 210, 94),
(95, 'MSI Snow Edition', 'Intel Celeron G6900', '8GB DDR4 3200 MHz', 'Radeon Graphics', 'Deepcool DQ750ST 80PLUS GOLD 750 W', 4, 2, 1, 147, 95),
(96, 'Supreme D5', 'Intel Celeron G6900', '32GB DDR4-3600', 'Intel UHD Graphics 630', 'Deepcool DQ750ST 80PLUS GOLD 750 W', 4, 2, 2, 16, 96),
(97, 'CHAMPIONS 3', 'Intel Celeron J4005', '32GB DDR4-3600', 'GeForce RTX 4080', '100W', 2, 1, 1, 39, 97),
(98, 'Supreme D5', 'Intel Core i3-10100 3.60 GHz - 4.30 GHz (Comet Lake)', '32GB DDR4-3600', 'GeForce RTX 4070 Ti 12GB', 'AEROCOOL AEROPGSLUXRGB-750 - 750W', 2, 3, 2, 244, 98),
(99, 'TOP GUN 13', 'Intel Core i5-13500', '32GB DDR4-3600', 'Intel UHD Graphics 630', '450W', 1, 3, 2, 237, 99),
(100, 'Darbui', 'Intel Core i9-12900KF', '8GB DDR4-3200', 'GeForce RTX 3070', '450W', 1, 3, 1, 50, 100),
(101, 'Darbui', 'Intel Core i3-10100 3.60 GHz - 4.30 GHz (Comet Lake)', '32GB DDR5-5600 RGB', 'GeForce RTX 4080', 'MSI MAG A650BN 650W', 4, 4, 1, 101, 101),
(102, 'MSI Snow Edition', 'Intel Celeron G6900', '32GB DDR5-5600', 'Intel UHD Graphics 710', '300W', 2, 1, 2, 188, 102),
(103, 'Darbui', 'AMD Ryzen 3 4300G', '32GB DDR4-3600', 'NVIDIA GeForce RTX 4070 Ti', 'Deepcool DQ750ST 80PLUS GOLD 750 W', 4, 3, 1, 221, 103),
(104, 'eSports Gaming', 'Intel Core i5-13500', '8GB DDR4 3200 MHz', 'Intel UHD Graphics 630', '450W', 4, 1, 1, 75, 104),
(105, 'CHAMPIONS 3', 'Intel Core i9-12900KF', '8GB DDR4-3200', 'Intel UHD Graphics 600', 'MSI MPG A850GF - 850W', 1, 2, 2, 52, 105),
(106, 'RYZEN 3 PRO', 'Intel Core i5-12400F', '8GB DDR4 3200 MHz', 'GeForce RTX 3070 8GB', '300W', 4, 2, 1, 170, 106),
(107, 'RYZEN 3 PRO', 'AMD Ryzen 3 4300G', '8GB DDR4 3200Mhz', 'NVIDIA GeForce RTX 4070 Ti', '450W', 4, 4, 2, 186, 107),
(108, 'Mazylis Eco 1', 'Intel Celeron J4005', '32GB DDR5-5600 RGB', 'GeForce RTX 3070', 'MSI MAG A650BN 650W', 1, 1, 2, 186, 108),
(109, 'Darbui', 'Intel Celeron J4005', '32GB DDR5-5600', 'Intel UHD Graphics 630', 'MSI MPG A750GF', 2, 4, 2, 57, 109),
(110, 'CHAMPIONS 1', 'AMD Ryzen 3 4300G', '32GB (2x16GB) DDR4 3600Mhz', 'GeForce RTX 3070 8GB', '100W', 3, 4, 2, 96, 110),
(111, 'eSports Gaming', 'Intel Celeron J4005', '16GB DDR4-3200', 'Intel UHD Graphics 630', '500W', 1, 1, 2, 238, 111),
(112, 'CHAMPIONS 1', 'Intel Core i5-12400F', '8GB DDR4 3200 MHz', 'Intel UHD Graphics 710', '500W', 4, 2, 1, 16, 112),
(113, 'Supreme D5', 'Intel Core i7-13700KF', '32GB DDR4-3600', 'Radeon Graphics', '450W', 2, 2, 2, 17, 113),
(114, 'TOP GUN 13', 'Intel Core i3-10100 3.60 GHz - 4.30 GHz (Comet Lake)', '32GB DDR4-3600', 'Intel UHD Graphics 630', '100W', 3, 2, 1, 94, 114),
(115, 'CHAMPIONS 1', 'Intel Core i7-13700KF', '32GB (2x16GB) DDR4 3600Mhz', 'GeForce RTX 3070 8GB', 'Deepcool DQ750ST 80PLUS GOLD 750 W', 4, 2, 2, 111, 115),
(116, 'TOP GUN 13', 'Intel Core i3-10100 3.60 GHz - 4.30 GHz (Comet Lake)', '16GB DDR4-3200', 'GeForce RTX 4070 Ti 12GB', '100W', 4, 1, 2, 56, 116),
(117, 'CHAMPIONS 1', 'Intel Core i5-12400F', '8GB DDR4-3200', 'Radeon Graphics', 'MSI MPG A850GF - 850W', 4, 4, 2, 123, 117),
(118, 'Supreme D5', 'Intel Core i5-13500', '32GB DDR5-5600', 'Radeon Graphics', 'AEROCOOL AEROPGSLUXRGB-750 - 750W', 3, 1, 2, 54, 118),
(119, 'MSI Snow Edition', 'Intel Core i7-13700KF', '8GB DDR4', 'Intel UHD Graphics 630', 'MSI MPG A750GF', 1, 4, 2, 25, 119),
(120, 'CHAMPIONS 1', 'Intel Core i7-13700KF', '32GB DDR4-3600', 'Intel UHD Graphics 630', 'MSI MAG A650BN 650W', 3, 3, 1, 114, 120),
(121, 'CHAMPIONS 3', 'AMD Ryzen 3 4300G', '32GB (2x16GB) DDR4 3600Mhz', 'Radeon Graphics', '500W', 4, 1, 1, 178, 121),
(122, 'TOP GUN 13', 'Intel Celeron G6900', '8GB DDR4 3200Mhz', 'GeForce RTX 4080', 'Deepcool DQ750ST 80PLUS GOLD 750 W', 1, 2, 1, 235, 122),
(123, 'RYZEN 3 PRO', 'Intel Core i7-13700KF', '8GB DDR4', 'Intel UHD Graphics 630', '100W', 2, 3, 1, 151, 123),
(124, 'CHAMPIONS 1', 'Intel Core i5-13500', '32GB (2x16GB) DDR4 3600Mhz', 'MSI GeForce RTX 3060 VENTUS 2X 12GB', 'Deepcool DQ750ST 80PLUS GOLD 750 W', 3, 1, 2, 141, 124),
(125, 'RYZEN 3 PRO', 'AMD Ryzen 3 4300G', '32GB DDR4-3600', 'Intel UHD Graphics 600', '450W', 2, 3, 1, 184, 125),
(126, 'MSI Snow Edition', 'Intel Core i5-12400F', '8GB DDR4', 'GeForce RTX 3070', '500W', 1, 4, 1, 17, 126),
(127, 'RYZEN 3 PRO', 'Intel Celeron J4005', '8GB DDR4 3200 MHz', 'Radeon Graphics', '300W', 1, 2, 2, 160, 127),
(128, 'Mazylis Eco 1', 'Intel Core i3-10100 3.60 GHz - 4.30 GHz (Comet Lake)', '32GB DDR5-5600', 'Intel UHD Graphics 630', 'Deepcool DQ750ST 80PLUS GOLD 750 W', 2, 3, 1, 134, 128),
(129, 'Mazylis Eco 1', 'Intel Core i5-13500', '8GB DDR4 3200Mhz', 'Intel UHD Graphics 630', 'Corsair RMx Series RM850x 850W 80 PLUS Gold', 3, 4, 1, 100, 129),
(130, 'MSI Snow Edition', 'Intel Core i3-10100 3.60 GHz - 4.30 GHz (Comet Lake)', '32GB DDR5-5600', 'NVIDIA GeForce RTX 4070 Ti', '450W', 4, 2, 1, 157, 130),
(131, 'CHAMPIONS 3', 'Intel Celeron G6900', '32GB (2x16GB) DDR4 3600Mhz', 'Intel UHD Graphics 630', '300W', 2, 4, 1, 198, 131),
(132, 'ATEITIES i3', 'Intel Core i5-12400F', '8GB DDR4 3200 MHz', 'Intel UHD Graphics 600', 'MSI MPG A850GF - 850W', 4, 4, 2, 169, 132),
(133, 'TOP GUN 13', 'Intel Celeron J4005', '32GB (2x16GB) DDR4 3600Mhz', 'GeForce RTX 3070 8GB', 'MSI MPG A750GF', 1, 2, 2, 99, 133),
(134, 'ATEITIES i3', 'Intel Celeron J4005', '8GB DDR4-3200', 'Intel UHD Graphics 630', 'Corsair RMx Series RM850x 850W 80 PLUS Gold', 4, 2, 1, 39, 134),
(135, 'Darbui', 'Intel Core i9-12900KF', '8GB DDR4-3200', 'GeForce RTX 3070', 'Deepcool DQ750ST 80PLUS GOLD 750 W', 2, 2, 2, 236, 135),
(136, 'TOP GUN 13', 'Intel Celeron G6900', '32GB DDR5-5600 RGB', 'Intel UHD Graphics 630', 'Corsair RMx Series RM850x 850W 80 PLUS Gold', 4, 3, 2, 84, 136),
(137, 'MSI Snow Edition', 'Intel Celeron J4005', '8GB DDR4 3200 MHz', 'NVIDIA GeForce RTX 4070 Ti', '500W', 4, 4, 1, 127, 137),
(138, 'ATEITIES i3', 'Intel Core i3-10100 3.60 GHz - 4.30 GHz (Comet Lake)', '32GB DDR5-5600 RGB', 'Intel UHD Graphics 710', '100W', 2, 1, 1, 148, 138),
(139, 'CHAMPIONS 3', 'Intel Core i9-12900KF', '32GB DDR5-5600 RGB', 'NVIDIA GeForce RTX 4070 Ti', 'AEROCOOL AEROPGSLUXRGB-750 - 750W', 2, 4, 1, 120, 139),
(140, 'RYZEN 3 PRO', 'AMD Ryzen 3 4300G', '32GB DDR5-5600 RGB', 'Intel UHD Graphics 710', 'Corsair RMx Series RM850x 850W 80 PLUS Gold', 3, 1, 2, 245, 140),
(141, 'CHAMPIONS 1', 'AMD Ryzen 3 4300G', '32GB DDR4-3600', 'GeForce RTX 4080', 'MSI MAG A650BN 650W', 1, 1, 1, 229, 141),
(142, 'Mazylis Eco 1', 'Intel Core i5-13500', '8GB DDR4', 'Intel UHD Graphics 710', 'Corsair RMx Series RM850x 850W 80 PLUS Gold', 1, 2, 2, 11, 142),
(143, 'CHAMPIONS 3', 'Intel Core i9-12900KF', '32GB DDR4-3600', 'GeForce RTX 4070 Ti 12GB', 'AEROCOOL AEROPGSLUXRGB-750 - 750W', 1, 2, 2, 118, 143),
(144, 'eSports Gaming', 'Intel Core i9-12900KF', '16GB DDR4-3200', 'MSI GeForce RTX 3060 VENTUS 2X 12GB', 'MSI MPG A750GF', 3, 2, 2, 104, 144),
(145, 'RYZEN 3 PRO', 'AMD Ryzen 3 4300G', '8GB DDR4 3200 MHz', 'GeForce RTX 3070', '450W', 4, 3, 1, 117, 145),
(146, 'Mazylis Eco 1', 'Intel Core i7-13700KF', '32GB DDR4-3600', 'GeForce RTX 4070 Ti 12GB', '300W', 2, 3, 1, 174, 146),
(147, 'Darbui', 'Intel Core i5-13500', '32GB (2x16GB) DDR4 3600Mhz', 'MSI GeForce RTX 3060 VENTUS 2X 12GB', 'MSI MPG A850GF - 850W', 3, 1, 1, 198, 147),
(148, 'MSI Snow Edition', 'Intel Core i3-10100 3.60 GHz - 4.30 GHz (Comet Lake)', '8GB DDR4', 'Intel UHD Graphics 600', '100W', 1, 3, 2, 171, 148),
(149, 'CHAMPIONS 1', 'Intel Core i7-13700KF', '8GB DDR4 3200 MHz', 'GeForce RTX 3070', 'MSI MPG A750GF', 2, 3, 1, 1, 149),
(150, 'ATEITIES i3', 'Intel Core i3-10100 3.60 GHz - 4.30 GHz (Comet Lake)', '32GB DDR4-3600', 'Intel UHD Graphics 600', 'Corsair RMx Series RM850x 850W 80 PLUS Gold', 1, 4, 2, 145, 150),
(151, 'RYZEN 3 PRO', 'AMD Ryzen 3 4300G', '32GB DDR4-3600', 'NVIDIA GeForce RTX 4070 Ti', '500W', 4, 4, 1, 110, 151),
(152, 'Supreme D5', 'AMD Ryzen 3 4300G', '8GB DDR4 3200 MHz', 'GeForce RTX 3070 8GB', '500W', 1, 3, 2, 30, 152),
(153, 'Darbui', 'Intel Core i9-12900KF', '32GB DDR5-5600 RGB', 'Intel UHD Graphics 600', '300W', 1, 3, 1, 52, 153),
(154, 'RYZEN 3 PRO', 'Intel Core i5-13500', '32GB DDR4-3600', 'Intel UHD Graphics 710', 'Deepcool DQ750ST 80PLUS GOLD 750 W', 2, 4, 1, 112, 154),
(155, 'Mazylis Eco 1', 'Intel Core i5-12400F', '8GB DDR4-3200', 'Intel UHD Graphics 630', '500W', 4, 1, 2, 208, 155),
(156, 'TOP GUN 13', 'Intel Core i5-13500', '32GB DDR4-3600', 'NVIDIA GeForce RTX 4070 Ti', '450W', 4, 1, 2, 66, 156),
(157, 'MSI Snow Edition', 'Intel Core i5-13500', '8GB DDR4-3200', 'Intel UHD Graphics 600', '450W', 4, 2, 1, 140, 157),
(158, 'Supreme D5', 'AMD Ryzen 3 4300G', '32GB (2x16GB) DDR4 3600Mhz', 'Intel UHD Graphics 710', '500W', 1, 4, 1, 102, 158),
(159, 'Mazylis Eco 1', 'Intel Core i9-12900KF', '32GB DDR5-5600', 'Intel UHD Graphics 710', 'AEROCOOL AEROPGSLUXRGB-750 - 750W', 3, 4, 1, 184, 159),
(160, 'CHAMPIONS 1', 'Intel Core i9-12900KF', '8GB DDR4 3200 MHz', 'Intel UHD Graphics 630', 'AEROCOOL AEROPGSLUXRGB-750 - 750W', 1, 4, 1, 227, 160),
(161, 'Darbui', 'AMD Ryzen 3 4300G', '32GB DDR4-3600', 'NVIDIA GeForce RTX 4070 Ti', '500W', 1, 2, 2, 103, 161),
(162, 'RYZEN 3 PRO', 'Intel Celeron G6900', '16GB DDR4-3200', 'Intel UHD Graphics 710', 'Corsair RMx Series RM850x 850W 80 PLUS Gold', 4, 4, 2, 51, 162),
(163, 'eSports Gaming', 'Intel Core i9-12900KF', '32GB DDR4-3600', 'GeForce RTX 3070', '500W', 2, 4, 2, 33, 163),
(164, 'Darbui', 'AMD Ryzen 3 4300G', '16GB DDR4-3200', 'MSI GeForce RTX 3060 VENTUS 2X 12GB', 'MSI MPG A750GF', 3, 2, 2, 121, 164),
(165, 'TOP GUN 13', 'Intel Core i7-13700KF', '8GB DDR4', 'GeForce RTX 3070 8GB', 'Deepcool DQ750ST 80PLUS GOLD 750 W', 4, 4, 2, 184, 165),
(166, 'RYZEN 3 PRO', 'Intel Core i9-12900KF', '8GB DDR4 3200Mhz', 'Intel UHD Graphics 630', '450W', 4, 2, 1, 25, 166),
(167, 'RYZEN 3 PRO', 'Intel Celeron G6900', '8GB DDR4-3200', 'Radeon Graphics', 'Deepcool DQ750ST 80PLUS GOLD 750 W', 4, 4, 2, 82, 167),
(168, 'MSI Snow Edition', 'Intel Core i5-12400F', '8GB DDR4-3200', 'GeForce RTX 4080', 'AEROCOOL AEROPGSLUXRGB-750 - 750W', 2, 1, 1, 139, 168),
(169, 'ATEITIES i3', 'Intel Core i7-13700KF', '8GB DDR4 3200Mhz', 'Intel UHD Graphics 630', '100W', 1, 3, 1, 24, 169),
(170, 'CHAMPIONS 3', 'Intel Core i9-12900KF', '16GB DDR4-3200', 'Intel UHD Graphics 710', 'AEROCOOL AEROPGSLUXRGB-750 - 750W', 3, 2, 1, 28, 170),
(171, 'TOP GUN 13', 'Intel Core i9-12900KF', '32GB DDR4-3600', 'Intel UHD Graphics 710', 'MSI MPG A850GF - 850W', 1, 3, 1, 135, 171),
(172, 'Mazylis Eco 1', 'Intel Core i9-12900KF', '32GB DDR5-5600 RGB', 'GeForce RTX 4080', 'Deepcool DQ750ST 80PLUS GOLD 750 W', 4, 2, 2, 175, 172),
(173, 'eSports Gaming', 'Intel Core i9-12900KF', '8GB DDR4', 'GeForce RTX 3070 8GB', '300W', 4, 3, 1, 163, 173),
(174, 'Mazylis Eco 1', 'Intel Core i9-12900KF', '8GB DDR4', 'GeForce RTX 3070 8GB', '500W', 1, 1, 2, 132, 174),
(175, 'RYZEN 3 PRO', 'Intel Core i3-10100 3.60 GHz - 4.30 GHz (Comet Lake)', '8GB DDR4 3200Mhz', 'Radeon Graphics', 'MSI MPG A750GF', 4, 2, 2, 76, 175),
(176, 'CHAMPIONS 3', 'Intel Celeron J4005', '8GB DDR4-3200', 'GeForce RTX 4080', 'MSI MPG A850GF - 850W', 3, 1, 1, 143, 176),
(177, 'TOP GUN 13', 'Intel Core i3-10100 3.60 GHz - 4.30 GHz (Comet Lake)', '32GB DDR5-5600 RGB', 'Intel UHD Graphics 630', 'MSI MPG A850GF - 850W', 2, 3, 2, 26, 177),
(178, 'CHAMPIONS 3', 'Intel Core i5-13500', '8GB DDR4', 'Radeon Graphics', 'MSI MPG A750GF', 2, 2, 1, 98, 178),
(179, 'eSports Gaming', 'Intel Core i9-12900KF', '32GB DDR4-3600', 'GeForce RTX 3070 8GB', '100W', 4, 3, 1, 219, 179),
(180, 'TOP GUN 13', 'Intel Core i9-12900KF', '8GB DDR4', 'GeForce RTX 3070', '450W', 2, 3, 1, 201, 180),
(181, 'TOP GUN 13', 'Intel Core i9-12900KF', '32GB (2x16GB) DDR4 3600Mhz', 'MSI GeForce RTX 3060 VENTUS 2X 12GB', '300W', 1, 4, 1, 183, 181),
(182, 'TOP GUN 13', 'Intel Core i9-12900KF', '8GB DDR4 3200 MHz', 'NVIDIA GeForce RTX 4070 Ti', '500W', 2, 3, 2, 74, 182),
(183, 'TOP GUN 13', 'Intel Core i7-13700KF', '8GB DDR4', 'GeForce RTX 3070 8GB', 'Deepcool DQ750ST 80PLUS GOLD 750 W', 1, 3, 1, 203, 183),
(184, 'CHAMPIONS 3', 'Intel Celeron J4005', '8GB DDR4-3200', 'GeForce RTX 4080', 'MSI MPG A850GF - 850W', 4, 3, 2, 50, 184),
(185, 'TOP GUN 13', 'Intel Core i5-13500', '32GB DDR5-5600', 'GeForce RTX 4080', '100W', 3, 2, 2, 12, 185),
(186, 'MSI Snow Edition', 'Intel Core i9-12900KF', '8GB DDR4 3200Mhz', 'Intel UHD Graphics 630', '450W', 2, 2, 2, 98, 186),
(187, 'ATEITIES i3', 'Intel Core i9-12900KF', '8GB DDR4', 'Radeon Graphics', 'MSI MPG A850GF - 850W', 2, 3, 2, 32, 187),
(188, 'RYZEN 3 PRO', 'AMD Ryzen 3 4300G', '32GB DDR5-5600', 'GeForce RTX 3070', 'MSI MPG A750GF', 3, 2, 2, 172, 188),
(189, 'TOP GUN 13', 'Intel Core i5-13500', '8GB DDR4-3200', 'Intel UHD Graphics 600', 'Corsair RMx Series RM850x 850W 80 PLUS Gold', 2, 4, 2, 158, 189),
(190, 'TOP GUN 13', 'Intel Core i3-10100 3.60 GHz - 4.30 GHz (Comet Lake)', '8GB DDR4 3200 MHz', 'GeForce RTX 3070 8GB', 'Corsair RMx Series RM850x 850W 80 PLUS Gold', 1, 2, 1, 240, 190),
(191, 'CHAMPIONS 1', 'Intel Core i7-13700KF', '32GB DDR5-5600', 'GeForce RTX 3070 8GB', 'Corsair RMx Series RM850x 850W 80 PLUS Gold', 1, 4, 2, 217, 191),
(192, 'CHAMPIONS 1', 'Intel Core i9-12900KF', '16GB DDR4-3200', 'Intel UHD Graphics 630', 'AEROCOOL AEROPGSLUXRGB-750 - 750W', 4, 4, 1, 84, 192),
(193, 'eSports Gaming', 'Intel Core i9-12900KF', '32GB DDR4-3600', 'GeForce RTX 4070 Ti 12GB', 'Corsair RMx Series RM850x 850W 80 PLUS Gold', 3, 2, 2, 90, 193),
(194, 'eSports Gaming', 'Intel Core i7-13700KF', '32GB DDR5-5600 RGB', 'GeForce RTX 4080', 'Corsair RMx Series RM850x 850W 80 PLUS Gold', 1, 4, 2, 1, 194),
(195, 'TOP GUN 13', 'Intel Core i9-12900KF', '32GB (2x16GB) DDR4 3600Mhz', 'MSI GeForce RTX 3060 VENTUS 2X 12GB', 'MSI MPG A750GF', 4, 3, 2, 187, 195),
(196, 'Darbui', 'Intel Core i5-12400F', '8GB DDR4', 'Intel UHD Graphics 600', '300W', 3, 4, 2, 1, 196),
(197, 'Mazylis Eco 1', 'Intel Core i3-10100 3.60 GHz - 4.30 GHz (Comet Lake)', '8GB DDR4 3200 MHz', 'GeForce RTX 3070', 'Corsair RMx Series RM850x 850W 80 PLUS Gold', 4, 4, 1, 121, 197),
(198, 'CHAMPIONS 1', 'Intel Core i7-13700KF', '32GB DDR5-5600 RGB', 'GeForce RTX 3070 8GB', 'AEROCOOL AEROPGSLUXRGB-750 - 750W', 1, 2, 1, 75, 198),
(199, 'CHAMPIONS 3', 'Intel Celeron G6900', '32GB (2x16GB) DDR4 3600Mhz', 'GeForce RTX 4080', 'AEROCOOL AEROPGSLUXRGB-750 - 750W', 3, 3, 1, 223, 199),
(200, 'ATEITIES i3', 'Intel Celeron J4005', '32GB DDR5-5600', 'GeForce RTX 4080', 'MSI MPG A750GF', 3, 4, 2, 5, 200),
(201, 'CHAMPIONS 3', 'Intel Celeron G6900', '32GB DDR4-3600', 'Radeon Graphics', 'MSI MAG A650BN 650W', 3, 2, 2, 35, 201),
(202, 'eSports Gaming', 'Intel Celeron J4005', '16GB DDR4-3200', 'NVIDIA GeForce RTX 4070 Ti', '500W', 2, 1, 2, 10, 202),
(203, 'CHAMPIONS 1', 'Intel Core i5-13500', '32GB DDR4-3600', 'GeForce RTX 4070 Ti 12GB', '100W', 2, 3, 2, 62, 203),
(204, 'TOP GUN 13', 'AMD Ryzen 3 4300G', '8GB DDR4', 'GeForce RTX 3070', 'Deepcool DQ750ST 80PLUS GOLD 750 W', 3, 1, 2, 153, 204),
(205, 'MSI Snow Edition', 'Intel Core i5-13500', '32GB DDR5-5600 RGB', 'Radeon Graphics', 'AEROCOOL AEROPGSLUXRGB-750 - 750W', 4, 4, 2, 218, 205),
(206, 'CHAMPIONS 1', 'Intel Celeron J4005', '32GB DDR4-3600', 'MSI GeForce RTX 3060 VENTUS 2X 12GB', '450W', 3, 2, 2, 241, 206),
(207, 'CHAMPIONS 3', 'Intel Celeron G6900', '8GB DDR4 3200 MHz', 'GeForce RTX 4070 Ti 12GB', 'Corsair RMx Series RM850x 850W 80 PLUS Gold', 2, 3, 1, 82, 207),
(208, 'Supreme D5', 'Intel Core i7-13700KF', '8GB DDR4 3200 MHz', 'GeForce RTX 3070 8GB', 'Corsair RMx Series RM850x 850W 80 PLUS Gold', 2, 2, 1, 215, 208),
(209, 'TOP GUN 13', 'AMD Ryzen 3 4300G', '32GB DDR4-3600', 'GeForce RTX 4070 Ti 12GB', 'Corsair RMx Series RM850x 850W 80 PLUS Gold', 3, 1, 1, 80, 209),
(210, 'ATEITIES i3', 'Intel Core i9-12900KF', '32GB DDR5-5600 RGB', 'Intel UHD Graphics 600', 'AEROCOOL AEROPGSLUXRGB-750 - 750W', 4, 1, 1, 37, 210),
(211, 'TOP GUN 13', 'Intel Celeron J4005', '32GB (2x16GB) DDR4 3600Mhz', 'GeForce RTX 3070', '300W', 4, 1, 1, 227, 211),
(212, 'CHAMPIONS 1', 'Intel Celeron G6900', '16GB DDR4-3200', 'Radeon Graphics', '300W', 1, 3, 1, 58, 212),
(213, 'CHAMPIONS 3', 'AMD Ryzen 3 4300G', '16GB DDR4-3200', 'MSI GeForce RTX 3060 VENTUS 2X 12GB', 'MSI MPG A750GF', 3, 4, 1, 244, 213),
(214, 'eSports Gaming', 'Intel Core i3-10100 3.60 GHz - 4.30 GHz (Comet Lake)', '8GB DDR4 3200Mhz', 'NVIDIA GeForce RTX 4070 Ti', '300W', 4, 1, 1, 105, 214),
(215, 'MSI Snow Edition', 'Intel Core i9-12900KF', '8GB DDR4 3200Mhz', 'Intel UHD Graphics 600', 'AEROCOOL AEROPGSLUXRGB-750 - 750W', 3, 1, 2, 141, 215),
(216, 'TOP GUN 13', 'AMD Ryzen 3 4300G', '32GB DDR5-5600', 'NVIDIA GeForce RTX 4070 Ti', '500W', 2, 3, 2, 234, 216),
(217, 'ATEITIES i3', 'AMD Ryzen 3 4300G', '32GB DDR5-5600', 'Intel UHD Graphics 710', 'AEROCOOL AEROPGSLUXRGB-750 - 750W', 1, 1, 2, 11, 217),
(218, 'TOP GUN 13', 'AMD Ryzen 3 4300G', '8GB DDR4', 'MSI GeForce RTX 3060 VENTUS 2X 12GB', 'MSI MAG A650BN 650W', 3, 3, 2, 18, 218),
(219, 'MSI Snow Edition', 'Intel Core i5-13500', '8GB DDR4 3200 MHz', 'Intel UHD Graphics 710', '500W', 2, 4, 1, 101, 219),
(220, 'Supreme D5', 'Intel Core i5-13500', '32GB DDR5-5600', 'Intel UHD Graphics 710', 'Corsair RMx Series RM850x 850W 80 PLUS Gold', 3, 3, 2, 165, 220),
(221, 'Supreme D5', 'Intel Core i5-12400F', '8GB DDR4-3200', 'Intel UHD Graphics 600', 'AEROCOOL AEROPGSLUXRGB-750 - 750W', 2, 4, 1, 187, 221),
(222, 'CHAMPIONS 3', 'Intel Core i5-12400F', '8GB DDR4 3200 MHz', 'MSI GeForce RTX 3060 VENTUS 2X 12GB', 'MSI MPG A850GF - 850W', 1, 1, 2, 135, 222),
(223, 'Mazylis Eco 1', 'Intel Core i9-12900KF', '8GB DDR4', 'GeForce RTX 4080', 'Corsair RMx Series RM850x 850W 80 PLUS Gold', 1, 3, 2, 30, 223),
(224, 'CHAMPIONS 1', 'Intel Core i5-12400F', '32GB DDR5-5600 RGB', 'MSI GeForce RTX 3060 VENTUS 2X 12GB', '100W', 3, 3, 2, 75, 224),
(225, 'CHAMPIONS 1', 'Intel Celeron G6900', '16GB DDR4-3200', 'GeForce RTX 3070', 'MSI MPG A850GF - 850W', 1, 2, 2, 24, 225),
(226, 'CHAMPIONS 1', 'Intel Celeron J4005', '8GB DDR4-3200', 'GeForce RTX 4070 Ti 12GB', '100W', 1, 1, 1, 125, 226),
(227, 'MSI Snow Edition', 'Intel Core i3-10100 3.60 GHz - 4.30 GHz (Comet Lake)', '8GB DDR4', 'Intel UHD Graphics 630', 'MSI MAG A650BN 650W', 3, 3, 1, 146, 227),
(228, 'RYZEN 3 PRO', 'Intel Core i3-10100 3.60 GHz - 4.30 GHz (Comet Lake)', '32GB (2x16GB) DDR4 3600Mhz', 'NVIDIA GeForce RTX 4070 Ti', 'MSI MPG A750GF', 4, 3, 2, 51, 228),
(229, 'CHAMPIONS 3', 'Intel Celeron G6900', '32GB (2x16GB) DDR4 3600Mhz', 'GeForce RTX 3070 8GB', '500W', 4, 3, 1, 168, 229),
(230, 'ATEITIES i3', 'Intel Core i5-12400F', '32GB DDR5-5600', 'Intel UHD Graphics 630', '500W', 3, 2, 1, 35, 230),
(231, 'MSI Snow Edition', 'Intel Celeron G6900', '32GB DDR4-3600', 'Radeon Graphics', '100W', 2, 2, 2, 92, 231),
(232, 'MSI Snow Edition', 'Intel Celeron G6900', '32GB DDR5-5600 RGB', 'Intel UHD Graphics 710', '450W', 4, 3, 2, 118, 232),
(233, 'Darbui', 'Intel Core i5-13500', '32GB DDR4-3600', 'MSI GeForce RTX 3060 VENTUS 2X 12GB', '500W', 3, 3, 1, 193, 233),
(234, 'Mazylis Eco 1', 'Intel Celeron J4005', '8GB DDR4 3200Mhz', 'MSI GeForce RTX 3060 VENTUS 2X 12GB', 'Deepcool DQ750ST 80PLUS GOLD 750 W', 3, 1, 1, 57, 234),
(235, 'CHAMPIONS 3', 'Intel Celeron J4005', '32GB DDR5-5600 RGB', 'NVIDIA GeForce RTX 4070 Ti', '500W', 1, 2, 1, 81, 235),
(236, 'CHAMPIONS 1', 'Intel Celeron J4005', '8GB DDR4 3200 MHz', 'GeForce RTX 3070 8GB', 'MSI MPG A850GF - 850W', 3, 3, 2, 225, 236),
(237, 'eSports Gaming', 'Intel Core i5-13500', '16GB DDR4-3200', 'GeForce RTX 3070 8GB', '500W', 4, 2, 2, 163, 237),
(238, 'CHAMPIONS 1', 'Intel Core i9-12900KF', '8GB DDR4-3200', 'GeForce RTX 3070 8GB', '450W', 1, 3, 2, 79, 238),
(239, 'Mazylis Eco 1', 'Intel Core i5-13500', '16GB DDR4-3200', 'GeForce RTX 3070 8GB', 'AEROCOOL AEROPGSLUXRGB-750 - 750W', 3, 3, 1, 151, 239),
(240, 'RYZEN 3 PRO', 'Intel Core i9-12900KF', '32GB DDR4-3600', 'NVIDIA GeForce RTX 4070 Ti', '100W', 3, 1, 2, 128, 240),
(241, 'Darbui', 'Intel Core i7-13700KF', '8GB DDR4 3200 MHz', 'Intel UHD Graphics 600', '450W', 2, 4, 1, 163, 241),
(242, 'CHAMPIONS 3', 'Intel Core i5-12400F', '32GB DDR5-5600', 'Radeon Graphics', 'MSI MPG A750GF', 3, 4, 2, 3, 242),
(243, 'Supreme D5', 'Intel Celeron G6900', '8GB DDR4', 'GeForce RTX 3070', 'MSI MAG A650BN 650W', 3, 1, 1, 38, 243),
(244, 'CHAMPIONS 3', 'Intel Core i9-12900KF', '32GB DDR5-5600 RGB', 'MSI GeForce RTX 3060 VENTUS 2X 12GB', '500W', 1, 4, 1, 32, 244),
(245, 'MSI Snow Edition', 'Intel Celeron G6900', '32GB DDR4-3600', 'Intel UHD Graphics 630', 'MSI MPG A850GF - 850W', 3, 2, 1, 69, 245),
(246, 'ATEITIES i3', 'Intel Celeron G6900', '8GB DDR4 3200Mhz', 'GeForce RTX 3070 8GB', 'MSI MPG A850GF - 850W', 1, 2, 1, 102, 246),
(247, 'Mazylis Eco 1', 'Intel Core i3-10100 3.60 GHz - 4.30 GHz (Comet Lake)', '8GB DDR4', 'Radeon Graphics', 'Deepcool DQ750ST 80PLUS GOLD 750 W', 3, 3, 1, 206, 247),
(248, 'eSports Gaming', 'Intel Core i5-12400F', '8GB DDR4 3200 MHz', 'GeForce RTX 4070 Ti 12GB', '500W', 3, 3, 2, 9, 248),
(249, 'RYZEN 3 PRO', 'Intel Core i3-10100 3.60 GHz - 4.30 GHz (Comet Lake)', '16GB DDR4-3200', 'NVIDIA GeForce RTX 4070 Ti', '500W', 3, 3, 1, 209, 249),
(250, 'MSI Snow Edition', 'AMD Ryzen 3 4300G', '8GB DDR4-3200', 'GeForce RTX 3070', '500W', 4, 2, 1, 175, 250),
(251, 'Tetavimo Ryzen', 'Ryzen5', '8GB DDR4', 'Intel UHD Graphics 630', '300W', 4, 3, 2, 18, 252),
(252, 'Tetavimo Ryzen', 'Ryzen5', '8GB DDR4', 'Intel UHD Graphics 630', '300W', 1, 1, 1, 59, 252),
(253, 'Tetavimo Ryzen', 'Ryzen5', '8GB DDR4', 'Intel UHD Graphics 630', '300W', 1, 1, 1, 175, NULL),
(258, 'Greitasis Ryzen', 'AMD Ryzen 9 7950X3D', 'G.Skill Trudent Z RGB 32 GB (2 x 16 GB) DDR4-3200', 'Asus STRIX GAMING OC GeForce RTX 3090 24 GB', 'SeaSonic PRIME PX-1300 1300 W 80+ Platinum Certified Fully Modular ATX', 2, 2, 1, 15, 1);

-- --------------------------------------------------------

--
-- Table structure for table `korpusu_tipai`
--

CREATE TABLE `korpusu_tipai` (
  `id_korpusu_tipai` int(11) NOT NULL,
  `name` char(10) NOT NULL
) ENGINE=InnoDB DEFAULT CHARSET=utf8 COLLATE=utf8_lithuanian_ci;

--
-- Dumping data for table `korpusu_tipai`
--

INSERT INTO `korpusu_tipai` (`id_korpusu_tipai`, `name`) VALUES
(1, 'Full Tower'),
(2, 'Mid Tower'),
(3, 'Mini Tower'),
(4, 'Rackmount');

-- --------------------------------------------------------

--
-- Table structure for table `miestai`
--

CREATE TABLE `miestai` (
  `pavadinimas` varchar(255) NOT NULL,
  `id_MIESTAS` int(11) NOT NULL,
  `fk_BIURAS` int(11) NOT NULL
) ENGINE=InnoDB DEFAULT CHARSET=utf8 COLLATE=utf8_lithuanian_ci;

--
-- Dumping data for table `miestai`
--

INSERT INTO `miestai` (`pavadinimas`, `id_MIESTAS`, `fk_BIURAS`) VALUES
('Pedreira', 1, 1),
('Narathiwat', 2, 2),
('Panagyurishte', 3, 3),
('San Miguel Chicaj', 4, 4),
('Kostanay', 5, 5),
('Washington', 6, 6),
('Wingham', 7, 7),
('Aracaju', 8, 8),
('Ant', 9, 9),
('Khrystynivka', 10, 10),
('Massy', 11, 11),
('Cilangkap', 12, 12),
('Lityn', 13, 13),
('Tsagaanders', 14, 14),
('Uto', 15, 15),
('Fakaifou Village', 16, 16),
('Volgodonsk', 17, 17),
('Mmu Knjan', 18, 18),
('Irkliyevskaya', 19, 19),
('Shangani', 20, 20),
('Opatw', 21, 21),
('Poja Nae', 22, 22),
('Harrisburg', 23, 23),
('Kaset Sombun', 24, 24),
('Latacunga', 25, 25),
('Karagay', 26, 26),
('Volot', 27, 27),
('Daijiaba', 28, 28),
('id', 29, 29),
('Minji', 30, 30),
('Zhaodong', 31, 31),
('Verkhniy Dashkesan', 32, 32),
('Valdemrpils', 33, 33),
('Dzikw Stary', 34, 34),
('Kamiichi', 35, 35),
('Srubec', 36, 36),
('Pakkat', 37, 37),
('Vinica', 38, 38),
('Jianchang', 39, 39),
('Neietsu', 40, 40),
('Kibondo', 41, 41),
('Maliana', 42, 42),
('Qalaikhumb', 43, 43),
('Pesucen', 44, 44),
('Peredovaya', 45, 45),
('Estncia', 46, 46),
('Shouxihu', 47, 47),
('jebyn', 48, 48),
('Lule', 49, 49),
('Mairipor', 50, 50),
('Tuti', 51, 51),
('Lioptri', 52, 52),
('Amadora', 53, 53),
('Lenchwe Le Tau', 54, 54),
('Chengzihe', 55, 55),
('Podivn', 56, 56),
('Longtang', 57, 57),
('Santa Luzia', 58, 58),
('Hamburg', 59, 59),
('Lebu', 60, 60),
('Gaotang', 61, 61),
('Zastvka', 62, 62),
('Bolekhiv', 63, 63),
('Pira do Sul', 64, 64),
('Chunxi', 65, 65),
('Charlotte Amalie', 66, 66),
('Lizhuang', 67, 67),
('Tuojiang', 68, 68),
('La Azulita', 69, 69),
('Querocotillo', 70, 70),
('Pajung', 71, 71),
('Billdal', 72, 72),
('Tys', 73, 73),
('Nowy Tomyl', 74, 74),
('Hayes', 75, 75),
('Tn Ph', 76, 76),
('Jiantou', 77, 77),
('Sembabule', 78, 78),
('townia', 79, 79),
('La Paz de Oriente', 80, 80),
('Luso', 81, 81),
('Ipala', 82, 82),
('Sawangan', 83, 83),
('Mlanggeng', 84, 84),
('Shihudang', 85, 85),
('Horta', 86, 86),
('Donggaocun', 87, 87),
('Sapiranga', 88, 88),
('Bello', 89, 89),
('Chengguan', 90, 90),
('Bovec', 91, 91),
('Lecong', 92, 92),
('Bongouanou', 93, 93),
('Sortavala', 94, 94),
('Itzer', 95, 95),
('Guadalupe', 96, 96),
('Santa Rosa del Sara', 97, 97),
('Carvalho', 98, 98),
('Daqiao', 99, 99),
('Changzhou', 100, 100),
('Paleran', 101, 101),
('Amagbagan', 102, 102),
('Ht', 103, 103),
('Cipinang', 104, 104),
('Wang Chan', 105, 105),
('Mayfaah', 106, 106),
('Umm as Shik', 107, 107),
('Polowat', 108, 108),
('Port Barton', 109, 109),
('Hexi', 110, 110),
('Pumai', 111, 111),
('Lagangilang', 112, 112),
('La Roche-sur-Yon', 113, 113),
('Teminabuan', 114, 114),
('Tinogasta', 115, 115),
('Fatou', 116, 116),
('Shiyan', 117, 117),
('Nanyang', 118, 118),
('Melgar', 119, 119),
('Kota Kinabalu', 120, 120),
('Agusan', 121, 121),
('Pueblo Nuevo', 122, 122),
('Maychew', 123, 123),
('Le Mans', 124, 124),
('Saeul', 125, 125),
('Bczarka', 126, 126),
('Tngil', 127, 127),
('Hengdaohezi', 128, 128),
('Huntsville', 129, 129),
('Duldurga', 130, 130),
('Ampara', 131, 131),
(' - ', 132, 132),
('Rakian', 133, 133),
('Nova Petrpolis', 134, 134),
('Vilar do Pinheiro', 135, 135),
('Karlovo', 136, 136),
('Chaman', 137, 137),
('Xianghu', 138, 138),
('Dayapan', 139, 139),
('Al Karmah', 140, 140),
('Lundazi', 141, 141),
('As Samawah', 142, 142),
('Atalhada', 143, 143),
('Florida', 144, 144),
('Teovice', 145, 145),
('Nikopol', 146, 146),
('Ume', 147, 147),
('Willowmore', 148, 148),
('Fovissste', 149, 149),
('Schiedam postbusnummers', 150, 150),
('Itabaiana', 151, 151),
('Cueni', 152, 152),
('Dugulubgey', 153, 153),
('Huddinge', 154, 154),
('Koina', 155, 155),
('Mulino', 156, 156),
('Barretos', 157, 157),
('Klavdiyevo-Tarasove', 158, 158),
('Marmande', 159, 159),
('Jerez', 160, 160),
('Goussainville', 161, 161),
('Oyabe', 162, 162),
('Chengmen', 163, 163),
('Villa Serrano', 164, 164),
('Middelburg', 165, 165),
('Calumpit', 166, 166),
('Caja', 167, 167),
('Beskolen', 168, 168),
('Murtajih', 169, 169),
('Salaberry-de-Valleyfield', 170, 170),
('Umanday Centro', 171, 171),
('Hongping', 172, 172),
('Ktsi', 173, 173),
('Mohelnice', 174, 174),
('Pinglumiao', 175, 175),
('Hongyang', 176, 176),
('Velikiy Ustyug', 177, 177),
('Susanino', 178, 178),
('Quinta', 179, 179),
('Afikpo', 180, 180),
('Gorbunki', 181, 181),
('Maying', 182, 182),
('Berestechko', 183, 183),
('Joliet', 184, 184),
('Karanlukh', 185, 185),
('Willowmore', 186, 186),
('Pcs', 187, 187),
('Le Mans', 188, 188),
('Iwo', 189, 189),
('Cikubang', 190, 190),
('Kendal', 191, 191),
('Penebel', 192, 192),
('Lazaro Cardenas', 193, 193),
('Veiga', 194, 194),
('Al Maaryah', 195, 195),
('Yangju', 196, 196),
('Torre', 197, 197),
('Granja', 198, 198),
('Guadalupe', 199, 199),
('Dudchany', 200, 200),
('Huacheng', 201, 201),
('Klembivka', 202, 202),
('Sedinenie', 203, 203),
('Saint-tienne', 204, 204),
('Changmao', 205, 205),
('El Tejocote', 206, 206),
('Kristinehamn', 207, 207),
('Limbi', 208, 208),
('Dikirnis', 209, 209),
('Xiangyun', 210, 210),
('Xilin Hot', 211, 211),
('Santiago de las Vegas', 212, 212),
('Stockholm', 213, 213),
('Kasempa', 214, 214),
('Cipanas', 215, 215),
('Drayton Valley', 216, 216),
('Sayaxch', 217, 217),
('Adtugan', 218, 218),
('stersund', 219, 219),
('Mitake', 220, 220),
('Wat Sing', 221, 221),
('imanovci', 222, 222),
('Ostrwek', 223, 223),
('Tby', 224, 224),
('Masebewa', 225, 225),
('Mmu Knjan', 226, 226),
('Dourbali', 227, 227),
('Macroom', 228, 228),
('Honghuaerji', 229, 229),
('Changchi', 230, 230),
('Longueuil', 231, 231),
('Khallat li', 232, 232),
('Cesvaine', 233, 233),
('Mangkon Daja', 234, 234),
('Lukou', 235, 235),
('Kristiansand S', 236, 236),
('Uticyacu', 237, 237),
('Kebonan', 238, 238),
('Kangani', 239, 239),
('Ushuaia', 240, 240),
('Sokka', 241, 241),
('Laban', 242, 242),
('Xinquan', 243, 243),
('Jamml', 244, 244),
('Kapuan', 245, 245),
('Sebeta', 246, 246),
('Ksipol', 247, 247),
('Conqueiros', 248, 248),
('Dois Vizinhos', 249, 249),
('Little Rock', 250, 250);

-- --------------------------------------------------------

--
-- Table structure for table `mokejimai`
--

CREATE TABLE `mokejimai` (
  `data` date NOT NULL,
  `suma` float NOT NULL,
  `id_MOKEJIMAS` int(11) NOT NULL,
  `fk_moketojas` int(11) NOT NULL,
  `fk_SASKAITA` int(11) NOT NULL
) ENGINE=InnoDB DEFAULT CHARSET=utf8 COLLATE=utf8_lithuanian_ci;

--
-- Dumping data for table `mokejimai`
--

INSERT INTO `mokejimai` (`data`, `suma`, `id_MOKEJIMAS`, `fk_moketojas`, `fk_SASKAITA`) VALUES
('2022-02-28', 242.8, 1, 1, 1),
('2023-02-02', 195.3, 2, 1, 1),
('2022-12-15', 138.7, 3, 1, 1),
('2022-08-28', 90.6, 4, 2, 2),
('2022-05-24', 130.9, 5, 2, 2),
('2022-10-06', 261.6, 6, 2, 2),
('2022-04-18', 107.7, 7, 2, 2),
('2022-08-10', 298.6, 8, 3, 3),
('2022-03-14', 120.8, 9, 3, 3),
('2022-05-03', 122.8, 10, 3, 3),
('2022-03-21', 266.2, 11, 3, 3),
('2023-02-06', 204.1, 12, 4, 4),
('2022-03-03', 87.4, 13, 4, 4),
('2022-04-16', 220.1, 14, 4, 4),
('2022-12-13', 217.1, 15, 4, 4),
('2022-11-06', 174, 16, 4, 4),
('2022-05-24', 853.2, 17, 5, 5),
('2022-12-06', 1397.5, 18, 5, 5),
('2022-05-25', 744.5, 19, 5, 5),
('2022-09-02', 353.5, 20, 6, 6),
('2022-04-11', 662, 21, 6, 6),
('2022-04-04', 329.2, 22, 6, 6),
('2022-10-05', 170.7, 23, 6, 6),
('2022-12-29', 940.4, 24, 6, 6),
('2022-11-15', 1434.4, 25, 6, 6),
('2022-03-06', 761.8, 26, 7, 7),
('2022-10-09', 465.2, 27, 7, 7),
('2022-08-14', 364.2, 28, 7, 7),
('2022-04-07', 328.2, 29, 8, 8),
('2022-08-07', 75.1, 30, 8, 8),
('2022-12-12', 1178.2, 31, 8, 8),
('2022-07-14', 1081.3, 32, 8, 8),
('2023-01-25', 256.2, 33, 9, 9),
('2022-05-04', 643.8, 34, 9, 9),
('2022-12-15', 1496.9, 35, 9, 9),
('2022-09-05', 1153.7, 36, 9, 9),
('2022-04-03', 1310.7, 37, 9, 9),
('2022-08-08', 1321.4, 38, 10, 10),
('2022-03-11', 1165.5, 39, 10, 10),
('2022-03-03', 801.4, 40, 10, 10),
('2022-06-23', 436.6, 41, 10, 10),
('2022-12-23', 181.8, 42, 10, 10),
('2022-04-02', 1303.4, 43, 10, 10),
('2022-12-25', 783.9, 44, 10, 10),
('2022-09-16', 1344.9, 45, 10, 10),
('2022-05-13', 1059.7, 46, 195, 147),
('2022-08-28', 2741.7, 47, 52, 198),
('2022-08-16', 2122, 48, 117, 153),
('2022-06-28', 3384.4, 49, 243, 40),
('2022-08-07', 1051.4, 50, 243, 232),
('2023-02-17', 3066.6, 51, 121, 67),
('2022-08-24', 3167.2, 52, 220, 218),
('2022-11-09', 627.3, 53, 59, 106),
('2022-10-24', 2870.1, 54, 236, 217),
('2022-07-18', 940.4, 55, 185, 171),
('2023-02-28', 3044.7, 56, 57, 224),
('2022-08-28', 901.7, 57, 198, 117),
('2022-07-16', 581.4, 58, 101, 181),
('2023-02-26', 2906.2, 59, 217, 207),
('2022-08-29', 658.8, 60, 163, 3),
('2022-04-07', 2016.3, 61, 219, 153),
('2022-04-28', 552.8, 62, 22, 196),
('2022-08-12', 1583.5, 63, 202, 197),
('2022-07-09', 2478.1, 64, 65, 90),
('2022-11-13', 3196.9, 65, 193, 104),
('2022-07-06', 874.1, 66, 106, 148),
('2023-01-13', 3219.1, 67, 82, 53),
('2022-03-04', 3154.1, 68, 229, 32),
('2022-07-17', 1179.7, 69, 101, 140),
('2022-04-15', 1674.4, 70, 12, 159),
('2022-08-24', 1597.1, 71, 105, 19),
('2022-11-27', 1737.8, 72, 93, 76),
('2022-03-08', 742.1, 73, 219, 227),
('2022-05-20', 882.9, 74, 230, 205),
('2022-09-18', 1524.6, 75, 209, 50),
('2022-07-17', 2916.5, 76, 100, 122),
('2022-06-22', 809.4, 77, 236, 142),
('2022-12-26', 1636.6, 78, 88, 208),
('2023-02-02', 2120.4, 79, 89, 221),
('2022-08-20', 3229.8, 80, 8, 238),
('2022-07-06', 742.5, 81, 47, 126),
('2022-08-22', 1939.1, 82, 179, 145),
('2022-03-18', 325.6, 83, 129, 13),
('2022-09-28', 2079.9, 84, 183, 184),
('2022-10-29', 934.7, 85, 229, 91),
('2022-07-04', 3231.9, 86, 113, 78),
('2022-05-13', 2385, 87, 153, 180),
('2022-05-02', 2044.4, 88, 102, 75),
('2022-07-13', 1286.2, 89, 170, 241),
('2022-09-01', 3470.6, 90, 10, 14),
('2022-09-01', 2115.9, 91, 48, 77),
('2022-11-19', 1283.1, 92, 40, 72),
('2022-08-19', 913, 93, 143, 164),
('2022-09-29', 1564.2, 94, 235, 201),
('2022-03-28', 1573.8, 95, 207, 184),
('2022-04-19', 1762.7, 96, 14, 219),
('2022-06-11', 1377.8, 97, 243, 189),
('2022-08-17', 835.1, 98, 249, 221),
('2022-03-12', 2392.3, 99, 20, 121),
('2022-09-06', 3079, 100, 127, 166),
('2022-05-31', 2426.6, 101, 113, 119),
('2023-01-27', 469.5, 102, 41, 207),
('2022-03-08', 893.9, 103, 103, 84),
('2023-02-19', 1989.9, 104, 36, 191),
('2022-04-11', 517.6, 105, 209, 93),
('2022-07-22', 836.7, 106, 173, 46),
('2022-03-30', 1384.4, 107, 118, 165),
('2022-12-22', 1055.6, 108, 214, 134),
('2022-03-20', 1939.4, 109, 162, 195),
('2022-08-28', 3028.2, 110, 187, 85),
('2022-10-11', 1921.9, 111, 4, 196),
('2022-11-07', 356.3, 112, 237, 69),
('2022-10-15', 2001.8, 113, 18, 213),
('2022-07-26', 686.4, 114, 80, 8),
('2023-01-27', 3301.1, 115, 142, 118),
('2022-03-07', 411.1, 116, 79, 240),
('2022-10-01', 1476.7, 117, 158, 16),
('2022-10-28', 2505.5, 118, 134, 145),
('2023-02-15', 399.4, 119, 5, 177),
('2022-09-26', 3087, 120, 90, 109),
('2022-07-08', 2001.6, 121, 145, 225),
('2023-01-15', 1407.5, 122, 218, 28),
('2023-02-28', 2641.1, 123, 20, 173),
('2022-12-10', 1942.5, 124, 121, 125),
('2022-04-15', 2936.7, 125, 73, 159),
('2022-03-08', 677.9, 126, 223, 64),
('2022-08-04', 453.8, 127, 117, 156),
('2023-02-04', 3186.6, 128, 180, 146),
('2022-08-26', 1366.2, 129, 131, 54),
('2022-08-22', 1771.2, 130, 11, 62),
('2022-11-13', 2056.1, 131, 155, 46),
('2022-04-13', 2003.6, 132, 127, 193),
('2022-12-22', 1463.6, 133, 190, 131),
('2022-10-25', 2007.4, 134, 41, 148),
('2022-12-05', 641.2, 135, 14, 210),
('2022-12-04', 1328.9, 136, 90, 208),
('2022-04-29', 2266.2, 137, 242, 45),
('2022-04-25', 1886.2, 138, 68, 83),
('2022-08-13', 455.2, 139, 128, 210),
('2022-06-04', 2306.7, 140, 107, 61),
('2022-10-31', 1774.7, 141, 209, 137),
('2022-12-10', 1892.7, 142, 73, 147),
('2022-06-30', 3300.5, 143, 18, 3),
('2023-02-17', 1536.9, 144, 98, 167),
('2022-09-24', 834.2, 145, 93, 88),
('2022-05-11', 3321.3, 146, 61, 100),
('2023-01-16', 1076.7, 147, 29, 122),
('2022-03-24', 1792.9, 148, 74, 98),
('2022-12-22', 546.2, 149, 19, 14),
('2022-08-15', 2720.8, 150, 113, 242),
('2022-12-17', 1010.3, 151, 242, 250),
('2022-08-18', 3182, 152, 86, 197),
('2022-08-26', 1835.1, 153, 86, 37),
('2022-06-20', 2594.4, 154, 10, 27),
('2022-08-30', 1343.1, 155, 238, 200),
('2023-01-04', 1699.3, 156, 76, 194),
('2023-01-29', 1420.7, 157, 13, 220),
('2022-08-06', 3437.9, 158, 18, 185),
('2022-03-26', 318.3, 159, 181, 49),
('2022-04-27', 1668.5, 160, 162, 10),
('2022-04-29', 915, 161, 246, 33),
('2022-07-26', 2405.4, 162, 172, 144),
('2022-06-29', 3365.4, 163, 225, 228),
('2022-05-16', 1428.3, 164, 226, 56),
('2022-05-15', 962.7, 165, 154, 4),
('2022-04-21', 1815, 166, 238, 36),
('2022-09-13', 416.1, 167, 219, 85),
('2023-02-16', 3061.4, 168, 127, 12),
('2022-05-10', 2792.3, 169, 205, 228),
('2022-10-09', 354.2, 170, 206, 43),
('2023-02-24', 801.3, 171, 111, 147),
('2023-02-11', 1915.9, 172, 56, 141),
('2022-07-01', 978.7, 173, 167, 247),
('2022-07-07', 2376.7, 174, 187, 204),
('2022-09-15', 1655.2, 175, 184, 207),
('2022-05-23', 2804.4, 176, 27, 174),
('2023-02-06', 2135.8, 177, 222, 150),
('2022-03-04', 604.3, 178, 30, 102),
('2023-01-28', 2988.6, 179, 103, 132),
('2022-07-30', 2075.1, 180, 22, 132),
('2022-07-05', 348.7, 181, 21, 86),
('2022-06-23', 1169.2, 182, 20, 218),
('2023-02-02', 1154.9, 183, 13, 225),
('2022-04-13', 658.7, 184, 20, 179),
('2022-10-09', 969.5, 185, 72, 48),
('2022-03-15', 741.9, 186, 241, 68),
('2023-01-18', 374.1, 187, 174, 180),
('2022-09-04', 797.2, 188, 120, 103),
('2023-02-24', 1947.4, 189, 131, 207),
('2023-01-20', 1816.4, 190, 106, 59),
('2022-10-19', 437, 191, 32, 47),
('2022-03-06', 1978.5, 192, 86, 170),
('2022-12-04', 1043.1, 193, 68, 237),
('2023-01-21', 3342.7, 194, 148, 242),
('2022-11-07', 537.9, 195, 183, 127),
('2022-06-14', 2514.9, 196, 4, 244),
('2022-06-13', 1438.8, 197, 180, 218),
('2022-06-28', 3337.7, 198, 79, 34),
('2022-11-30', 678, 199, 173, 237),
('2022-10-23', 2677, 200, 94, 71),
('2022-04-19', 1989.3, 201, 3, 242),
('2022-03-14', 3068.7, 202, 160, 37),
('2022-06-28', 662.9, 203, 40, 8),
('2022-05-24', 745.6, 204, 27, 217),
('2022-11-16', 2702.1, 205, 93, 198),
('2022-09-20', 709.4, 206, 100, 55),
('2022-04-08', 2094.6, 207, 79, 200),
('2022-12-27', 2077.4, 208, 166, 17),
('2022-03-24', 846.7, 209, 15, 198),
('2022-12-22', 2884.8, 210, 49, 124),
('2022-05-17', 1320.8, 211, 43, 181),
('2022-03-06', 567.5, 212, 34, 173),
('2023-02-08', 3446.2, 213, 32, 2),
('2022-07-17', 2914.4, 214, 147, 160),
('2022-10-10', 2307.7, 215, 193, 92),
('2023-02-25', 2389.2, 216, 182, 20),
('2022-07-18', 2164.1, 217, 108, 29),
('2022-06-02', 3294.1, 218, 111, 239),
('2023-02-13', 1852.4, 219, 10, 15),
('2022-09-06', 3337.4, 220, 9, 33),
('2023-01-24', 2563.7, 221, 106, 56),
('2022-05-19', 797.5, 222, 117, 10),
('2022-03-23', 2195.1, 223, 115, 17),
('2022-04-19', 2679.6, 224, 47, 100),
('2022-08-02', 1124.5, 225, 3, 21),
('2023-01-14', 1575.5, 226, 225, 140),
('2022-05-14', 2124.7, 227, 225, 90),
('2022-07-14', 971.7, 228, 204, 242),
('2022-07-18', 797.4, 229, 87, 2),
('2022-09-28', 2590.2, 230, 184, 181),
('2022-04-04', 2765.9, 231, 140, 220),
('2022-10-14', 2095.1, 232, 238, 127),
('2022-08-16', 2243.7, 233, 242, 77),
('2022-03-13', 2496.7, 234, 20, 27),
('2022-12-20', 2896.2, 235, 23, 2),
('2022-04-21', 2172.3, 236, 7, 235),
('2022-08-18', 770.2, 237, 231, 16),
('2022-06-10', 915, 238, 88, 30),
('2023-02-22', 1480.3, 239, 40, 183),
('2022-09-24', 3082.2, 240, 38, 226),
('2022-03-03', 3108.2, 241, 219, 96),
('2023-02-20', 1074.8, 242, 13, 60),
('2022-04-14', 3315.3, 243, 107, 223),
('2022-07-24', 2697.6, 244, 53, 205),
('2022-04-13', 2558.8, 245, 21, 205),
('2022-05-02', 714.8, 246, 158, 137),
('2022-03-26', 2418.9, 247, 175, 169),
('2022-08-03', 2706.7, 248, 132, 213),
('2022-07-26', 3241.4, 249, 4, 155),
('2022-12-26', 798.2, 250, 33, 6),
('2022-08-01', 1970, 251, 84, 183),
('2022-03-01', 1712.3, 252, 78, 197),
('2022-04-05', 1889.5, 253, 50, 31),
('2022-07-13', 1004.5, 254, 148, 240),
('2023-01-23', 1223.8, 255, 5, 208),
('2022-06-21', 1690.2, 256, 148, 90),
('2022-09-07', 2768.4, 257, 63, 121),
('2022-04-23', 992.7, 258, 6, 32),
('2022-09-06', 3379.2, 259, 195, 64),
('2022-10-15', 900.3, 260, 149, 144),
('2022-09-03', 957.5, 261, 137, 71),
('2022-06-01', 2653.2, 262, 134, 184),
('2022-10-10', 2521.8, 263, 90, 152),
('2022-04-22', 2990, 264, 63, 34),
('2023-01-01', 3031.2, 265, 176, 221),
('2022-10-12', 1931.6, 266, 9, 157),
('2022-07-21', 604.4, 267, 13, 93),
('2022-04-07', 780, 268, 219, 80),
('2022-12-25', 1394.9, 269, 24, 35),
('2022-08-24', 1093.1, 270, 28, 164),
('2022-10-09', 694.4, 271, 170, 188),
('2023-02-18', 2809.9, 272, 138, 182),
('2022-06-06', 2107, 273, 98, 60),
('2022-03-11', 2978.6, 274, 103, 129),
('2022-05-27', 908.3, 275, 58, 114),
('2023-01-21', 3075.5, 276, 214, 6),
('2023-02-26', 463.6, 277, 143, 85),
('2022-08-13', 1940.6, 278, 183, 81),
('2022-06-21', 3252.4, 279, 101, 25),
('2023-01-18', 2435.3, 280, 32, 218),
('2022-08-28', 1437.5, 281, 10, 112),
('2022-12-13', 3453.5, 282, 61, 175),
('2023-01-09', 565.5, 283, 233, 103),
('2022-09-03', 303.3, 284, 195, 3),
('2022-11-29', 2901.2, 285, 26, 64),
('2022-05-06', 1119.1, 286, 182, 145),
('2022-04-03', 951.4, 287, 58, 141),
('2022-12-17', 1127.3, 288, 167, 11),
('2022-03-24', 2610.1, 289, 129, 140),
('2022-12-14', 2436.2, 290, 199, 150),
('2022-09-28', 665.5, 291, 174, 142),
('2022-11-29', 1061.5, 292, 121, 235),
('2022-09-02', 2507.8, 293, 230, 112),
('2022-08-07', 2337.6, 294, 237, 175),
('2023-01-09', 2477.7, 295, 133, 218),
('2022-03-31', 1775.1, 296, 70, 172),
('2022-04-05', 1893.9, 297, 87, 34),
('2022-03-16', 726.1, 298, 226, 209),
('2022-09-01', 1410, 299, 104, 43),
('2023-01-17', 911, 300, 35, 198),
('2023-02-05', 1437.3, 301, 28, 3),
('2022-08-06', 1586.5, 302, 106, 107),
('2022-11-10', 2925.6, 303, 147, 199),
('2022-09-12', 689.5, 304, 187, 175),
('2022-03-11', 701.1, 305, 49, 209),
('2022-06-06', 877.6, 306, 100, 131),
('2022-07-03', 386.3, 307, 174, 123),
('2022-08-13', 715.1, 308, 76, 143),
('2022-09-10', 1106.6, 309, 142, 70),
('2023-02-16', 2742, 310, 131, 194),
('2022-11-12', 804, 311, 237, 64),
('2022-11-28', 1456.2, 312, 105, 131),
('2022-04-16', 513, 313, 11, 199),
('2022-10-27', 2887.5, 314, 172, 152),
('2023-02-28', 3393.2, 315, 117, 213),
('2022-07-03', 900.1, 316, 195, 70),
('2022-05-09', 2274.5, 317, 229, 172),
('2023-02-15', 2363.4, 318, 225, 211),
('2022-07-14', 677.8, 319, 86, 174),
('2023-01-31', 610.9, 320, 167, 34),
('2022-05-28', 2247.8, 321, 111, 137),
('2022-05-30', 2735.9, 322, 3, 167),
('2022-08-24', 401.1, 323, 181, 38),
('2022-08-24', 1135, 324, 145, 59),
('2022-12-09', 3318.1, 325, 238, 48),
('2023-01-04', 1412.1, 326, 23, 62),
('2022-03-21', 2345.3, 327, 206, 246),
('2023-01-08', 1988.5, 328, 2, 91),
('2022-12-29', 2763.5, 329, 3, 240),
('2022-09-15', 1521.3, 330, 34, 97),
('2022-09-18', 2932.8, 331, 43, 180),
('2022-09-25', 2413.9, 332, 110, 248),
('2022-09-19', 3482.2, 333, 93, 28),
('2022-04-15', 3115.5, 334, 217, 93),
('2022-10-29', 924.6, 335, 217, 110),
('2022-09-02', 1883.8, 336, 225, 29),
('2022-04-29', 1567.4, 337, 53, 205),
('2023-02-13', 1496.8, 338, 111, 138),
('2022-11-01', 685.7, 339, 89, 95),
('2023-01-24', 2497.4, 340, 5, 174),
('2022-08-27', 1283.3, 341, 128, 242),
('2022-05-03', 838.5, 342, 207, 228),
('2023-01-28', 3467.4, 343, 230, 193),
('2022-08-28', 1287.1, 344, 3, 9),
('2022-10-23', 538.9, 345, 9, 207),
('2023-01-19', 3027, 346, 90, 69),
('2022-06-15', 2214.7, 347, 91, 165),
('2022-10-17', 3190, 348, 213, 185),
('2022-05-31', 2471.3, 349, 172, 171),
('2022-06-03', 1722.6, 350, 38, 233),
('2022-10-22', 1946.3, 351, 96, 30),
('2022-08-20', 3285.4, 352, 103, 63),
('2022-04-03', 1180.3, 353, 249, 126),
('2022-09-30', 1645.2, 354, 205, 157),
('2022-10-16', 3183.6, 355, 224, 174),
('2022-04-24', 454.2, 356, 123, 24),
('2022-07-28', 1757.6, 357, 127, 69),
('2022-10-24', 977, 358, 235, 38),
('2022-10-03', 2013.8, 359, 3, 105),
('2022-04-23', 2547.3, 360, 162, 14),
('2022-05-20', 2810.2, 361, 213, 179),
('2022-06-01', 2121.7, 362, 95, 61),
('2022-08-07', 723.9, 363, 132, 77),
('2022-12-24', 1583.5, 364, 15, 16),
('2022-08-25', 663.5, 365, 100, 145),
('2022-07-28', 1725.1, 366, 17, 111),
('2022-12-19', 529.9, 367, 84, 109),
('2022-09-21', 934.1, 368, 169, 68),
('2023-02-03', 2681.8, 369, 12, 36),
('2022-11-06', 2238.3, 370, 108, 140),
('2022-07-22', 2626.7, 371, 22, 211),
('2022-10-29', 790.1, 372, 233, 130),
('2022-12-08', 2794.9, 373, 42, 2),
('2023-01-18', 1489.1, 374, 2, 96),
('2022-12-06', 2804.2, 375, 140, 116),
('2022-12-18', 2844.1, 376, 201, 131),
('2022-12-18', 2633.5, 377, 69, 33),
('2022-08-18', 2214.1, 378, 182, 173),
('2023-02-17', 1339.5, 379, 173, 191),
('2022-09-24', 3347.5, 380, 149, 144),
('2022-12-12', 1527.1, 381, 92, 223),
('2022-09-26', 363, 382, 181, 72),
('2022-09-25', 1085.5, 383, 228, 29),
('2023-01-08', 3159, 384, 82, 150),
('2022-03-21', 1362.2, 385, 103, 229),
('2022-11-25', 1837.2, 386, 120, 96),
('2022-03-15', 3499.5, 387, 70, 51),
('2022-10-01', 1163.3, 388, 78, 165),
('2022-12-14', 1566.3, 389, 11, 148),
('2023-02-28', 1762.9, 390, 233, 71),
('2022-06-20', 1198.8, 391, 227, 135),
('2023-01-23', 2710.6, 392, 211, 134),
('2022-08-04', 3123.4, 393, 98, 24),
('2022-10-14', 3463.4, 394, 216, 84),
('2022-12-16', 1594.9, 395, 243, 243),
('2022-05-25', 2558.3, 396, 201, 84),
('2022-09-03', 2428.9, 397, 248, 41),
('2022-03-13', 3037.3, 398, 66, 187),
('2022-10-15', 1248.5, 399, 91, 211),
('2022-03-20', 1145.3, 400, 223, 30),
('2022-04-18', 2699.2, 401, 187, 8),
('2022-12-10', 2045, 402, 63, 3),
('2022-08-30', 1596.4, 403, 2, 74),
('2022-08-12', 1240.8, 404, 143, 204),
('2022-12-07', 2002.8, 405, 227, 151),
('2022-04-18', 707, 406, 78, 228),
('2022-09-08', 470.3, 407, 89, 141),
('2022-09-11', 2917.8, 408, 5, 182),
('2022-03-19', 355.9, 409, 135, 30),
('2022-08-23', 828.5, 410, 121, 8),
('2022-11-26', 1053.6, 411, 220, 138),
('2023-01-14', 2963, 412, 245, 29),
('2022-11-08', 3482.5, 413, 91, 244),
('2022-05-20', 1482.1, 414, 44, 214),
('2022-11-08', 2920.2, 415, 127, 5),
('2022-07-07', 1034.9, 416, 111, 146),
('2022-08-27', 2444.5, 417, 158, 201),
('2022-09-16', 3089.4, 418, 105, 141),
('2022-06-20', 855.2, 419, 189, 56),
('2022-07-25', 559.9, 420, 109, 215),
('2022-07-08', 2058, 421, 68, 48),
('2022-07-03', 2550.3, 422, 149, 139),
('2022-05-10', 2984.5, 423, 93, 41),
('2022-06-20', 2052.9, 424, 44, 58),
('2022-08-28', 2034.4, 425, 68, 203),
('2022-07-02', 2910.5, 426, 157, 49),
('2023-02-02', 1037.9, 427, 197, 246),
('2022-10-18', 377.8, 428, 198, 134),
('2022-06-13', 3347, 429, 87, 204),
('2022-03-19', 2207.8, 430, 81, 32),
('2022-04-24', 3069.8, 431, 24, 18),
('2022-12-17', 2043.8, 432, 15, 130),
('2022-04-22', 1780.4, 433, 65, 134),
('2023-02-19', 3128.7, 434, 97, 14),
('2022-11-11', 881.3, 435, 227, 127),
('2022-05-08', 2962.8, 436, 232, 219),
('2022-06-23', 2308.6, 437, 54, 161),
('2022-07-17', 3495.6, 438, 74, 144),
('2023-02-11', 2115.7, 439, 123, 150),
('2022-03-30', 2457.4, 440, 122, 33),
('2022-05-04', 1710.2, 441, 203, 144),
('2022-10-23', 1893.1, 442, 128, 218),
('2023-02-17', 3400.1, 443, 131, 88),
('2022-05-09', 1560.2, 444, 238, 148),
('2022-05-12', 1074.1, 445, 116, 132),
('2022-05-05', 1852.9, 446, 140, 98),
('2022-07-21', 1968.8, 447, 148, 76),
('2023-02-08', 3140.3, 448, 32, 176),
('2022-11-16', 2897.8, 449, 83, 128),
('2022-12-20', 1397.8, 450, 202, 196),
('2022-04-19', 302.4, 451, 241, 180),
('2022-08-30', 2860, 452, 7, 34),
('2022-11-07', 2746.7, 453, 166, 81),
('2022-11-28', 2797.5, 454, 237, 44),
('2022-07-28', 1588.7, 455, 38, 89),
('2022-04-12', 3262.8, 456, 239, 206),
('2023-02-16', 2717.3, 457, 145, 81),
('2022-12-08', 773.8, 458, 214, 35),
('2022-03-15', 2903.9, 459, 79, 75),
('2023-01-10', 3352.8, 460, 228, 7),
('2022-05-27', 967.9, 461, 40, 238),
('2022-11-08', 2338.1, 462, 221, 119),
('2022-05-06', 419.9, 463, 248, 139),
('2023-02-05', 737.6, 464, 182, 115),
('2022-08-03', 2329.8, 465, 92, 122),
('2022-06-24', 2557.7, 466, 152, 1),
('2022-06-25', 2574.3, 467, 75, 100),
('2022-04-09', 2472.8, 468, 234, 20),
('2022-03-06', 2544.2, 469, 47, 54),
('2023-01-11', 2477.6, 470, 179, 211),
('2022-05-10', 701, 471, 242, 191),
('2022-12-15', 2763.2, 472, 74, 54),
('2022-08-09', 2168.1, 473, 45, 159),
('2022-06-23', 1503.3, 474, 137, 198),
('2022-07-08', 1083.6, 475, 100, 157),
('2022-04-09', 613.6, 476, 83, 187),
('2022-04-07', 3190.3, 477, 106, 66),
('2022-11-02', 2780.7, 478, 179, 198),
('2023-02-20', 424.2, 479, 65, 90),
('2022-07-30', 657.3, 480, 244, 49),
('2023-01-02', 1322, 481, 57, 173),
('2022-10-17', 2643.9, 482, 99, 79),
('2022-08-14', 1088.3, 483, 74, 153),
('2022-07-03', 2170.6, 484, 178, 250),
('2022-12-01', 2850.6, 485, 155, 4),
('2022-07-06', 2591.7, 486, 219, 203),
('2022-03-06', 2760.9, 487, 63, 198),
('2022-12-11', 2724.9, 488, 240, 199),
('2022-08-04', 2975.3, 489, 115, 8),
('2022-10-13', 492.5, 490, 234, 240),
('2022-10-14', 1789, 491, 102, 166),
('2022-05-29', 2571.9, 492, 3, 122),
('2022-04-11', 1199.5, 493, 120, 219),
('2022-09-07', 2917.6, 494, 24, 122),
('2022-10-12', 2091.9, 495, 223, 95),
('2022-03-15', 2883.7, 496, 196, 225),
('2023-02-28', 3350.5, 497, 112, 224),
('2023-01-04', 821.9, 498, 216, 180),
('2022-07-29', 1647.5, 499, 195, 19),
('2022-08-29', 1170.4, 500, 250, 128),
('2022-12-17', 1945.4, 501, 130, 2),
('2022-08-17', 1570.6, 502, 107, 121),
('2023-02-21', 1531, 503, 225, 80),
('2022-11-26', 2488.5, 504, 77, 118),
('2022-05-15', 3063, 505, 15, 4),
('2022-11-12', 3440.2, 506, 178, 86),
('2022-11-02', 2946.1, 507, 239, 231),
('2022-05-25', 1755, 508, 51, 90),
('2022-09-09', 1914.7, 509, 131, 194),
('2023-02-02', 1030.6, 510, 1, 129),
('2023-01-06', 2983, 511, 58, 110),
('2022-10-30', 2476, 512, 177, 193),
('2022-12-23', 2479.7, 513, 146, 86),
('2022-11-18', 712, 514, 180, 18),
('2022-09-06', 520.9, 515, 39, 234),
('2022-03-05', 1142.4, 516, 128, 30),
('2022-07-24', 1123, 517, 141, 181),
('2022-12-16', 373.5, 518, 179, 5),
('2023-01-12', 2274, 519, 182, 116),
('2022-06-25', 2658.7, 520, 23, 33),
('2022-11-12', 896.4, 521, 120, 153),
('2022-08-07', 642.8, 522, 120, 164),
('2022-05-05', 1097.1, 523, 227, 166),
('2022-09-09', 3104.8, 524, 124, 225),
('2022-09-20', 1283.4, 525, 192, 53),
('2022-06-26', 3015.3, 526, 47, 221),
('2022-07-04', 2828.7, 527, 17, 138),
('2022-04-18', 2478.7, 528, 21, 150),
('2023-01-23', 1424.5, 529, 30, 169),
('2022-03-03', 3168.9, 530, 107, 240),
('2023-02-21', 3271.8, 531, 243, 117),
('2022-10-23', 2230.1, 532, 14, 97),
('2022-06-05', 1566.1, 533, 91, 95),
('2022-03-23', 1910.5, 534, 92, 139),
('2022-11-12', 1452.2, 535, 187, 170),
('2022-03-01', 1981.6, 536, 224, 59),
('2022-10-01', 1451.2, 537, 249, 75),
('2022-09-05', 3461.4, 538, 204, 95),
('2022-08-23', 3008.2, 539, 20, 234),
('2023-02-10', 1474.3, 540, 176, 4),
('2022-07-16', 2844.2, 541, 209, 159),
('2022-11-06', 2755.6, 542, 129, 15),
('2022-07-22', 2907.8, 543, 99, 4),
('2022-04-27', 2499.8, 544, 76, 114),
('2022-04-07', 346.9, 545, 159, 77),
('2022-03-12', 2087.3, 546, 46, 80),
('2022-07-18', 634.9, 547, 103, 35),
('2023-02-23', 322.9, 548, 149, 135),
('2022-03-21', 2103.8, 549, 246, 88),
('2022-11-30', 2569.2, 550, 28, 184),
('2022-04-26', 1492.7, 551, 207, 123),
('2022-10-11', 2039.2, 552, 238, 232),
('2022-08-11', 3089.9, 553, 110, 184),
('2022-04-24', 725.9, 554, 203, 7),
('2022-05-30', 2278.2, 555, 196, 111),
('2022-12-13', 826.3, 556, 166, 143),
('2023-02-05', 581.6, 557, 208, 209),
('2022-09-11', 1769.1, 558, 224, 8),
('2023-02-19', 2580.2, 559, 19, 153),
('2022-09-26', 1590.3, 560, 67, 69),
('2023-01-23', 1405, 561, 25, 202),
('2022-08-01', 2416.5, 562, 135, 137),
('2022-07-24', 2502, 563, 97, 139),
('2022-04-25', 418.3, 564, 122, 51),
('2022-12-31', 1701.5, 565, 195, 177),
('2022-07-19', 1402.9, 566, 121, 232),
('2022-12-17', 2167.9, 567, 149, 131),
('2022-09-23', 1270.1, 568, 132, 79),
('2022-09-15', 2281.7, 569, 206, 30),
('2022-07-28', 2562.4, 570, 27, 162),
('2023-02-27', 1941.4, 571, 203, 57),
('2022-06-05', 1953, 572, 93, 84),
('2022-11-29', 1166.7, 573, 225, 88),
('2022-04-06', 2807.9, 574, 145, 248),
('2022-06-19', 1009.7, 575, 207, 122),
('2022-10-03', 3144.3, 576, 3, 135),
('2022-03-11', 2744.5, 577, 101, 144),
('2022-11-19', 1129.2, 578, 155, 82),
('2022-03-18', 1764.3, 579, 68, 241),
('2022-12-06', 742.5, 580, 236, 92),
('2022-11-21', 3186.6, 581, 12, 112),
('2022-09-11', 1519.3, 582, 177, 9),
('2022-06-21', 2557.2, 583, 212, 52),
('2023-01-17', 2334.8, 584, 164, 41),
('2022-07-18', 1003.6, 585, 125, 225),
('2022-04-23', 3452, 586, 188, 132),
('2022-12-31', 1903.4, 587, 161, 55),
('2022-04-14', 1345.6, 588, 26, 79),
('2022-04-02', 725.1, 589, 172, 14),
('2022-10-27', 2448.8, 590, 200, 174),
('2022-05-30', 3160.6, 591, 100, 117),
('2022-12-22', 2437.6, 592, 91, 54),
('2022-11-05', 320.6, 593, 34, 227),
('2022-04-23', 2727.9, 594, 215, 58),
('2022-10-22', 1555.2, 595, 88, 53),
('2022-11-27', 3233.4, 596, 37, 194),
('2023-01-02', 3481, 597, 153, 97),
('2022-05-29', 1747.4, 598, 171, 154),
('2022-06-30', 701.1, 599, 139, 87),
('2022-04-01', 722.3, 600, 32, 229),
('2022-04-29', 1550.7, 601, 173, 48),
('2022-06-18', 1995.4, 602, 196, 205),
('2023-01-29', 863.5, 603, 2, 244),
('2022-05-02', 2241.4, 604, 65, 43),
('2022-08-11', 1365, 605, 122, 214),
('2022-06-23', 2912.7, 606, 99, 47),
('2023-02-14', 1120.3, 607, 219, 77),
('2023-02-21', 3157, 608, 182, 31),
('2022-03-08', 3317.9, 609, 140, 221),
('2022-05-02', 1173.3, 610, 42, 170),
('2023-01-12', 1519.1, 611, 134, 134),
('2022-03-28', 948.3, 612, 17, 8),
('2022-07-14', 3279.9, 613, 177, 117),
('2022-06-04', 3108.2, 614, 194, 14),
('2022-03-13', 2055.1, 615, 42, 61),
('2022-10-14', 2475.7, 616, 82, 112),
('2022-07-19', 2956.1, 617, 132, 21),
('2022-08-02', 525.9, 618, 190, 128),
('2022-06-08', 3061, 619, 115, 55),
('2022-12-11', 1201.8, 620, 115, 45),
('2022-07-18', 2896.8, 621, 91, 156),
('2022-07-16', 1778.9, 622, 162, 182),
('2022-09-02', 2506.4, 623, 103, 186),
('2022-11-12', 705.2, 624, 45, 219),
('2022-05-21', 2457.3, 625, 102, 164),
('2022-12-22', 1063.5, 626, 94, 6),
('2022-04-07', 2272.7, 627, 7, 133),
('2022-11-12', 1065.6, 628, 153, 76),
('2022-12-21', 1263.2, 629, 130, 166),
('2023-02-02', 2623.3, 630, 212, 204),
('2022-10-25', 1015.5, 631, 37, 152),
('2022-12-21', 3053.2, 632, 14, 183),
('2022-06-26', 3481.9, 633, 114, 134),
('2022-11-21', 2787.3, 634, 147, 97),
('2022-09-17', 3071, 635, 164, 77),
('2023-01-20', 773.7, 636, 52, 25),
('2023-02-28', 1634.7, 637, 23, 168),
('2022-03-14', 1604.8, 638, 227, 204),
('2023-02-12', 2323.5, 639, 248, 93),
('2023-01-10', 2639.6, 640, 198, 32),
('2022-08-06', 452.8, 641, 142, 75),
('2022-08-31', 1425.8, 642, 186, 234),
('2022-07-04', 1118.6, 643, 200, 212),
('2022-06-12', 821.4, 644, 103, 117),
('2022-06-10', 1125.7, 645, 132, 186),
('2022-08-14', 2901.2, 646, 206, 167),
('2022-12-28', 1110.8, 647, 232, 247),
('2023-02-27', 984.2, 648, 37, 4),
('2022-04-09', 1458.3, 649, 74, 14),
('2022-04-02', 2532.2, 650, 79, 67),
('2022-08-29', 3145.2, 651, 198, 190),
('2023-01-24', 1266, 652, 130, 112),
('2022-03-09', 764.4, 653, 222, 195),
('2023-01-16', 836.1, 654, 33, 234),
('2022-11-17', 1239.1, 655, 109, 4),
('2023-02-08', 3443.2, 656, 61, 245),
('2023-01-09', 2170.6, 657, 178, 213),
('2022-08-25', 1207.7, 658, 231, 246),
('2023-02-14', 2034.5, 659, 226, 1),
('2022-06-28', 1091.1, 660, 173, 48),
('2022-08-28', 1798.2, 661, 218, 92),
('2022-07-25', 1413.1, 662, 39, 202),
('2023-01-19', 1376.8, 663, 44, 161),
('2022-07-23', 3433.1, 664, 178, 24),
('2022-10-30', 1604.3, 665, 224, 82),
('2022-12-31', 1656.9, 666, 153, 86),
('2023-01-10', 2071.1, 667, 134, 248),
('2023-01-08', 1624.7, 668, 11, 11),
('2023-01-07', 3325.5, 669, 126, 25),
('2023-02-17', 986.1, 670, 201, 17),
('2022-04-30', 1605.2, 671, 250, 240),
('2022-10-16', 955.1, 672, 50, 191),
('2022-10-20', 3217.9, 673, 224, 98),
('2022-05-04', 925.6, 674, 54, 44),
('2022-08-26', 2032.6, 675, 87, 38),
('2022-05-11', 2143.8, 676, 28, 47),
('2023-02-14', 1116.6, 677, 219, 43),
('2022-04-10', 1726.7, 678, 94, 126),
('2022-07-04', 1140.8, 679, 132, 152),
('2022-07-14', 1901.8, 680, 52, 242),
('2022-06-04', 2908.7, 681, 47, 68),
('2023-01-08', 2576.9, 682, 207, 152),
('2022-03-14', 398.5, 683, 30, 18),
('2022-03-18', 1008.1, 684, 26, 144),
('2022-05-19', 2249.7, 685, 107, 123),
('2022-07-18', 2245.4, 686, 56, 143),
('2022-04-09', 866.6, 687, 240, 52),
('2022-12-29', 3277.4, 688, 201, 104),
('2023-01-13', 497.4, 689, 116, 67),
('2022-10-09', 1401.9, 690, 150, 43),
('2023-01-19', 3096.2, 691, 88, 209),
('2022-12-28', 2019.6, 692, 66, 88),
('2022-11-20', 897.8, 693, 83, 35),
('2022-11-13', 779.4, 694, 59, 25),
('2022-08-30', 1008.9, 695, 64, 193),
('2022-05-06', 2790.9, 696, 176, 174),
('2022-12-15', 2535.5, 697, 19, 134),
('2022-10-09', 1612.9, 698, 135, 65),
('2022-12-25', 2674.9, 699, 15, 219),
('2022-10-28', 794.5, 700, 211, 20),
('2022-05-30', 1412.4, 701, 90, 133),
('2022-03-09', 1507.2, 702, 128, 56),
('2022-11-25', 1268.8, 703, 6, 192),
('2022-11-30', 2946.7, 704, 175, 88),
('2023-01-09', 2190.5, 705, 152, 248),
('2022-12-03', 2611.7, 706, 119, 17),
('2023-01-01', 1562.1, 707, 120, 176),
('2023-02-02', 2958.9, 708, 200, 67),
('2022-11-30', 1461.8, 709, 51, 69),
('2022-11-13', 1661.6, 710, 233, 82),
('2022-08-07', 672.1, 711, 182, 227),
('2022-07-06', 2011.3, 712, 223, 228),
('2022-05-21', 3169.6, 713, 151, 228),
('2023-02-15', 658.5, 714, 67, 156),
('2022-07-18', 1467.3, 715, 74, 224),
('2022-04-01', 1083.3, 716, 83, 180),
('2022-05-24', 560.6, 717, 107, 81),
('2022-10-02', 309.2, 718, 148, 217),
('2022-03-25', 2052.7, 719, 238, 34),
('2022-04-02', 1488.5, 720, 175, 122),
('2022-07-26', 3212.1, 721, 131, 30),
('2022-11-08', 3374.8, 722, 197, 19),
('2022-09-27', 2434.8, 723, 181, 157),
('2022-08-28', 3361, 724, 233, 53),
('2022-06-05', 1551.9, 725, 97, 184),
('2022-04-06', 2060.1, 726, 195, 11),
('2023-01-27', 3408.1, 727, 17, 118),
('2022-11-23', 677.2, 728, 231, 195),
('2022-11-26', 3173, 729, 211, 157),
('2022-08-04', 2132.5, 730, 219, 149),
('2023-02-11', 2768.8, 731, 152, 136),
('2022-10-10', 2452.4, 732, 196, 98),
('2022-04-09', 3497.2, 733, 36, 5),
('2023-02-15', 2726.5, 734, 247, 40),
('2022-10-27', 2082.9, 735, 112, 46),
('2022-07-23', 1660.4, 736, 149, 17),
('2023-02-16', 1128.3, 737, 163, 7),
('2022-05-13', 2513.5, 738, 82, 207),
('2022-11-03', 1725, 739, 47, 169),
('2022-07-27', 1430.4, 740, 151, 77),
('2022-06-30', 2955.2, 741, 143, 57),
('2022-05-07', 2196.8, 742, 1, 61),
('2023-01-18', 2239.1, 743, 186, 1),
('2022-09-12', 1026.9, 744, 7, 145),
('2022-11-14', 1328, 745, 220, 168),
('2023-01-22', 1303.7, 746, 195, 11),
('2022-05-11', 2159.2, 747, 40, 168),
('2022-09-26', 2623.7, 748, 230, 57),
('2022-07-09', 2105, 749, 25, 73),
('2022-04-24', 2573.4, 750, 212, 15),
('2023-01-20', 1106.8, 751, 6, 69),
('2022-04-09', 2621, 752, 213, 73),
('2023-01-12', 499.8, 753, 160, 50),
('2022-04-08', 671.7, 754, 94, 177),
('2022-11-09', 1745.2, 755, 40, 131),
('2022-06-24', 2643.8, 756, 220, 66),
('2022-09-25', 659.6, 757, 6, 46),
('2023-01-30', 1954.4, 758, 52, 97),
('2022-06-05', 1935.3, 759, 89, 192),
('2022-04-14', 832.9, 760, 110, 114),
('2022-05-11', 1146.9, 761, 199, 219),
('2022-07-25', 3378, 762, 8, 163),
('2022-11-03', 1404.3, 763, 182, 25),
('2022-04-26', 1543.2, 764, 209, 141),
('2023-02-26', 1931.1, 765, 183, 183),
('2022-10-06', 2837, 766, 171, 137),
('2022-11-18', 793.4, 767, 134, 132),
('2022-10-10', 1153.8, 768, 219, 99),
('2023-02-27', 2899.3, 769, 206, 1),
('2022-04-28', 1943.9, 770, 23, 99),
('2022-08-02', 2945.9, 771, 37, 79),
('2022-08-25', 1353.2, 772, 118, 127),
('2022-11-10', 1919.5, 773, 25, 172),
('2023-02-10', 2527.5, 774, 189, 103),
('2022-11-08', 2028.1, 775, 164, 179),
('2023-01-01', 1290.1, 776, 64, 25),
('2022-10-11', 1494.9, 777, 149, 142),
('2023-01-28', 1761.5, 778, 143, 42),
('2022-08-20', 573.9, 779, 182, 31),
('2023-01-04', 2080.8, 780, 224, 233),
('2022-08-04', 355.1, 781, 184, 216),
('2022-04-25', 2637, 782, 194, 81),
('2022-09-08', 3263.3, 783, 137, 5),
('2023-01-19', 1351.5, 784, 124, 62),
('2022-05-12', 2451.4, 785, 159, 186),
('2022-12-12', 350.1, 786, 130, 146),
('2022-07-03', 3450.5, 787, 53, 189),
('2022-05-23', 826, 788, 247, 140),
('2023-01-23', 979, 789, 51, 47),
('2022-05-18', 2099, 790, 154, 2),
('2022-08-02', 860.9, 791, 130, 156),
('2022-11-28', 2870.3, 792, 65, 20),
('2022-11-04', 449.6, 793, 81, 173),
('2022-12-22', 593.5, 794, 6, 68),
('2023-01-30', 3375.1, 795, 85, 116),
('2022-03-16', 1692.2, 796, 77, 134),
('2022-12-03', 1070.9, 797, 172, 225),
('2022-11-21', 1415.3, 798, 18, 12),
('2022-06-10', 1717.8, 799, 118, 7),
('2022-12-12', 1362, 800, 196, 218),
('2022-08-08', 1775.1, 801, 1, 122),
('2022-11-04', 1842, 802, 204, 222),
('2022-09-08', 1038, 803, 220, 111),
('2022-10-16', 820.2, 804, 161, 246),
('2022-07-19', 2108.8, 805, 145, 95),
('2022-10-15', 2079.6, 806, 137, 189),
('2022-12-26', 2237.1, 807, 142, 21),
('2022-05-22', 590.5, 808, 80, 205),
('2022-07-05', 1050.2, 809, 174, 115),
('2022-08-09', 550.4, 810, 172, 110),
('2022-12-15', 903.7, 811, 79, 58),
('2022-06-20', 3309.9, 812, 43, 175),
('2022-04-16', 1671, 813, 33, 227),
('2022-07-29', 1878.9, 814, 55, 150),
('2022-03-05', 968, 815, 174, 181),
('2022-10-17', 3211.8, 816, 148, 231),
('2022-07-06', 3298.3, 817, 70, 218),
('2022-05-26', 3007.4, 818, 29, 9),
('2022-09-29', 2861.9, 819, 71, 48),
('2022-06-01', 2986.8, 820, 219, 109),
('2023-01-21', 1650.1, 821, 193, 201),
('2022-06-05', 317.4, 822, 82, 60),
('2023-02-16', 3167.8, 823, 192, 5),
('2022-10-24', 1679.8, 824, 100, 89),
('2022-03-03', 379, 825, 189, 15),
('2023-02-08', 344.2, 826, 242, 130),
('2022-10-05', 1793.9, 827, 250, 1),
('2022-10-10', 2514.5, 828, 218, 104),
('2022-07-04', 361.7, 829, 183, 126),
('2022-07-02', 2930.8, 830, 170, 207),
('2022-04-05', 2016.3, 831, 228, 108),
('2023-02-22', 1191.4, 832, 97, 4),
('2022-12-15', 2088.1, 833, 83, 243),
('2022-10-19', 2285.8, 834, 107, 147),
('2022-07-07', 2668.7, 835, 104, 146),
('2022-11-23', 3317.2, 836, 210, 224),
('2023-01-19', 2371.4, 837, 6, 152),
('2022-04-16', 1276.3, 838, 145, 211),
('2022-03-20', 1447.4, 839, 187, 162),
('2022-09-22', 1736.7, 840, 43, 247),
('2022-07-26', 965.1, 841, 168, 165),
('2023-02-22', 2381.4, 842, 71, 188),
('2022-04-11', 2164.8, 843, 203, 68),
('2022-08-06', 1641.5, 844, 176, 71),
('2022-06-01', 3121, 845, 148, 173),
('2022-05-03', 2685.7, 846, 171, 9),
('2022-05-06', 485.5, 847, 162, 26),
('2022-08-21', 1359.4, 848, 219, 188),
('2023-01-05', 1642.6, 849, 41, 66),
('2023-02-16', 2712.4, 850, 142, 222),
('2023-01-03', 2751.1, 851, 248, 147),
('2022-12-21', 2222.2, 852, 232, 153),
('2022-03-10', 1101.7, 853, 236, 58),
('2022-05-17', 2932.5, 854, 146, 81),
('2023-01-18', 1383.2, 855, 10, 18),
('2023-01-26', 502.4, 856, 25, 165),
('2022-10-03', 1299.1, 857, 161, 101),
('2022-11-16', 2126.9, 858, 102, 165),
('2023-02-01', 1896.5, 859, 45, 70),
('2023-02-19', 1157.4, 860, 64, 218),
('2022-11-14', 352.3, 861, 2, 12),
('2022-12-15', 3226.5, 862, 184, 234),
('2023-01-14', 2748.9, 863, 206, 80),
('2023-02-24', 2487.2, 864, 246, 94),
('2022-07-09', 538.5, 865, 77, 131),
('2022-06-10', 1393.1, 866, 3, 12),
('2022-12-28', 702.6, 867, 247, 111),
('2022-12-02', 1696.2, 868, 204, 132),
('2022-03-09', 1453.2, 869, 230, 90),
('2022-10-02', 795.2, 870, 173, 104),
('2022-10-02', 3108, 871, 222, 127),
('2022-09-22', 1095.4, 872, 83, 58),
('2023-01-17', 664.8, 873, 82, 68),
('2022-05-10', 1512.2, 874, 100, 219),
('2022-08-10', 2886.2, 875, 240, 113),
('2022-04-22', 3481.5, 876, 180, 189),
('2022-09-11', 3341.3, 877, 220, 170),
('2023-02-09', 2031.4, 878, 157, 28),
('2022-11-24', 1615, 879, 16, 31),
('2022-12-30', 475.3, 880, 97, 180),
('2022-12-01', 3138.2, 881, 143, 225),
('2022-09-16', 2028.5, 882, 230, 189),
('2023-01-19', 2768.5, 883, 27, 58),
('2022-11-08', 761.4, 884, 235, 10),
('2022-04-02', 2673.2, 885, 156, 222),
('2022-10-14', 1571.3, 886, 145, 175),
('2023-02-26', 2571.9, 887, 167, 201),
('2022-03-06', 2766.2, 888, 115, 76),
('2022-05-21', 1829.3, 889, 17, 34),
('2022-10-26', 3047.6, 890, 96, 106),
('2022-04-13', 1772.2, 891, 248, 40),
('2022-04-11', 2887.2, 892, 84, 226),
('2023-01-27', 1360.3, 893, 193, 195),
('2022-07-30', 1223, 894, 199, 33),
('2022-11-19', 1267.2, 895, 67, 173),
('2022-10-04', 3214.3, 896, 61, 238),
('2022-08-23', 633.8, 897, 191, 61),
('2022-07-29', 2466.8, 898, 156, 49),
('2022-10-07', 938.8, 899, 178, 155),
('2022-07-19', 499.2, 900, 24, 11),
('2023-01-09', 1166, 901, 89, 43),
('2022-04-01', 2457.5, 902, 15, 236),
('2022-05-03', 3090.4, 903, 201, 72),
('2022-07-27', 3365.8, 904, 33, 38),
('2023-01-01', 1377.9, 905, 23, 157),
('2022-06-11', 2391, 906, 190, 63),
('2022-07-17', 472.4, 907, 66, 72),
('2022-11-14', 1008, 908, 95, 162),
('2022-12-14', 1611.7, 909, 155, 102),
('2023-01-15', 3495.5, 910, 10, 129),
('2022-12-30', 2724.5, 911, 24, 218),
('2022-07-21', 1958.8, 912, 110, 1),
('2022-04-11', 1669, 913, 216, 79),
('2022-05-24', 2739.7, 914, 91, 71),
('2022-09-20', 1072.4, 915, 141, 149),
('2022-05-13', 798, 916, 29, 172),
('2022-03-30', 1333.8, 917, 47, 77),
('2023-02-16', 2766.8, 918, 220, 238),
('2022-07-20', 911.7, 919, 38, 223),
('2022-06-21', 1511.2, 920, 53, 180),
('2022-05-09', 3297.1, 921, 182, 108),
('2022-08-24', 1324.8, 922, 138, 50),
('2022-06-14', 865.5, 923, 75, 91),
('2022-03-09', 3341.8, 924, 101, 11),
('2022-07-10', 1570.3, 925, 7, 112),
('2022-03-06', 1142.6, 926, 155, 230),
('2022-06-29', 359.5, 927, 95, 91),
('2022-10-24', 2765, 928, 138, 238),
('2022-12-19', 1275.2, 929, 35, 91),
('2022-06-16', 2016.7, 930, 3, 199),
('2022-07-05', 1917.3, 931, 141, 5),
('2022-06-10', 2288.4, 932, 13, 39),
('2023-01-23', 2153.6, 933, 6, 202),
('2022-07-25', 3118.8, 934, 68, 169),
('2022-12-07', 2520, 935, 150, 132),
('2022-07-01', 2624.8, 936, 42, 221),
('2022-10-22', 2257.5, 937, 83, 119),
('2022-12-08', 2244.8, 938, 14, 242),
('2022-10-29', 624.2, 939, 237, 167),
('2023-02-19', 1982, 940, 12, 221),
('2022-05-09', 2922.2, 941, 107, 55),
('2022-07-24', 1726.1, 942, 63, 229),
('2022-08-02', 1369.3, 943, 111, 141),
('2022-08-16', 1207.3, 944, 202, 29),
('2022-12-15', 336.9, 945, 40, 10),
('2022-12-10', 2915.2, 946, 234, 85),
('2022-09-14', 3405.6, 947, 167, 13),
('2022-06-19', 1496.7, 948, 179, 193),
('2023-01-16', 2878.6, 949, 250, 180),
('2022-09-28', 339.8, 950, 130, 204),
('2022-12-19', 3262.3, 951, 179, 109),
('2023-02-12', 1878.5, 952, 191, 161),
('2022-06-18', 2888.8, 953, 235, 217),
('2022-04-27', 2797.1, 954, 205, 103),
('2022-09-17', 1525.8, 955, 163, 217),
('2022-07-04', 974.1, 956, 123, 78),
('2022-09-09', 690.1, 957, 63, 55),
('2022-03-15', 2566.4, 958, 130, 67),
('2022-09-28', 2376, 959, 163, 92),
('2022-05-05', 509.2, 960, 32, 115),
('2022-08-11', 1264.6, 961, 237, 196),
('2022-12-08', 1348.8, 962, 21, 49),
('2022-08-03', 2460, 963, 15, 9),
('2023-01-06', 1365.4, 964, 179, 17),
('2022-10-09', 1248.7, 965, 206, 233),
('2022-05-07', 2489.6, 966, 74, 243),
('2022-07-24', 2739.6, 967, 101, 215),
('2022-10-15', 2947.5, 968, 246, 196),
('2022-10-11', 1256.8, 969, 189, 135),
('2022-11-11', 1009.1, 970, 6, 106),
('2022-12-04', 1667.5, 971, 89, 33),
('2022-03-17', 1466.9, 972, 78, 86),
('2022-04-17', 1174.1, 973, 74, 117),
('2022-05-20', 2769.5, 974, 129, 183),
('2022-11-08', 1602.8, 975, 226, 114),
('2022-06-24', 906.6, 976, 83, 23),
('2022-12-22', 467.3, 977, 191, 247),
('2022-06-08', 2842.6, 978, 131, 248),
('2022-08-23', 3400.5, 979, 33, 87),
('2022-12-29', 3233.8, 980, 90, 177),
('2022-03-29', 2781.9, 981, 20, 82),
('2023-01-21', 1235.4, 982, 53, 188),
('2022-03-06', 2559.2, 983, 108, 101),
('2022-03-30', 1551.4, 984, 86, 194),
('2022-10-02', 2219.8, 985, 132, 185),
('2022-06-07', 856.1, 986, 180, 146),
('2022-11-01', 1668.6, 987, 175, 61),
('2022-08-08', 1486.4, 988, 62, 127),
('2022-08-19', 996.5, 989, 80, 60),
('2022-12-07', 2444.4, 990, 22, 110),
('2023-01-28', 2031.4, 991, 227, 37),
('2022-08-18', 543.4, 992, 138, 245),
('2022-04-28', 2363.9, 993, 213, 51),
('2022-05-05', 2599.3, 994, 3, 123),
('2022-08-30', 946, 995, 70, 243),
('2022-06-01', 1686.7, 996, 58, 50),
('2022-05-16', 1981.6, 997, 213, 214),
('2022-07-19', 1608.6, 998, 26, 21),
('2022-11-13', 3307.1, 999, 166, 138),
('2022-07-25', 2495.8, 1000, 80, 182);

-- --------------------------------------------------------

--
-- Table structure for table `mokesciai`
--

CREATE TABLE `mokesciai` (
  `pavadinimas` varchar(255) NOT NULL,
  `aprasymas` varchar(255) NOT NULL,
  `id_MOKESTIS` int(11) NOT NULL
) ENGINE=InnoDB DEFAULT CHARSET=utf8 COLLATE=utf8_lithuanian_ci;

--
-- Dumping data for table `mokesciai`
--

INSERT INTO `mokesciai` (`pavadinimas`, `aprasymas`, `id_MOKESTIS`) VALUES
('G DATA', 'Desktop license, 1 year(s), License quantity 1 user(s)', 1),
('Windows 10', 'Licencijuotos operacins sistemos Windows 10 Home OEM diegimo paslauga skirta 1 kompiuteriui', 2),
('ESET', 'Elektronin licencija 1 metams, 1 vartotojui', 3),
('Surinkimas', 'Kompiuterio surinkimas', 4),
('Antivurisines irasymas', 'Irasysisime jusu nupirkta antivirusine', 5),
('Garantinis', 'Papildoma 2 metu garantinis', 6);

-- --------------------------------------------------------

--
-- Table structure for table `motininiu_tipai`
--

CREATE TABLE `motininiu_tipai` (
  `id_motininiu_tipai` int(11) NOT NULL,
  `name` char(9) NOT NULL
) ENGINE=InnoDB DEFAULT CHARSET=utf8 COLLATE=utf8_lithuanian_ci;

--
-- Dumping data for table `motininiu_tipai`
--

INSERT INTO `motininiu_tipai` (`id_motininiu_tipai`, `name`) VALUES
(1, 'EATX'),
(2, 'ATX'),
(3, 'Mini-ATX'),
(4, 'Micro-ATX');

-- --------------------------------------------------------

--
-- Table structure for table `papildomi_mokesciai`
--

CREATE TABLE `papildomi_mokesciai` (
  `kaina` float NOT NULL,
  `kiekis` int(11) NOT NULL,
  `fk_UZSAKYMAS` int(11) NOT NULL,
  `fk_MOKESTIS` int(11) NOT NULL
) ENGINE=InnoDB DEFAULT CHARSET=utf8 COLLATE=utf8_lithuanian_ci;

--
-- Dumping data for table `papildomi_mokesciai`
--

INSERT INTO `papildomi_mokesciai` (`kaina`, `kiekis`, `fk_UZSAKYMAS`, `fk_MOKESTIS`) VALUES
(100, 1, 2, 1),
(150, 1, 3, 2),
(100, 1, 2, 3),
(150, 1, 3, 4),
(150, 1, 3, 5),
(100, 1, 10, 6),
(150, 1, 6, 1),
(150, 1, 9, 2),
(100, 1, 8, 3),
(90, 1, 8, 4),
(100, 1, 4, 5),
(90, 1, 7, 1),
(150, 1, 10, 2),
(90, 1, 10, 5),
(90, 1, 8, 6),
(90, 1, 9, 1),
(150, 1, 7, 2),
(150, 1, 7, 3),
(100, 1, 5, 5),
(90, 1, 8, 6),
(100, 1, 7, 1),
(150, 1, 2, 2),
(90, 1, 3, 3),
(109.3, 2, 131, 5),
(90, 2, 99, 6),
(256, 1, 247, 1),
(163.7, 1, 218, 2),
(102.3, 1, 167, 3),
(290.6, 2, 4, 4),
(213.7, 2, 70, 5),
(112.8, 2, 174, 6),
(100.2, 1, 136, 1),
(254.5, 2, 53, 2),
(188.1, 2, 139, 3),
(242.4, 2, 113, 4),
(121.7, 2, 171, 5),
(231.8, 1, 28, 6),
(186.7, 1, 105, 1),
(287.9, 2, 171, 2),
(97.4, 2, 123, 3),
(187.4, 2, 191, 4),
(285.4, 2, 129, 5),
(54.7, 2, 131, 6),
(59.3, 2, 52, 1),
(246.8, 2, 194, 2),
(272, 2, 156, 3),
(213.8, 1, 93, 4),
(78.4, 2, 32, 5),
(286, 2, 91, 1),
(179.2, 1, 75, 2),
(260.4, 1, 198, 3),
(247.1, 2, 243, 4),
(123.8, 1, 186, 5),
(153.3, 1, 25, 6),
(225.5, 1, 76, 1),
(242.2, 2, 24, 2),
(142, 2, 195, 3),
(233.2, 2, 125, 5),
(287, 1, 136, 6),
(113.1, 2, 11, 1),
(278, 2, 84, 2),
(224.3, 2, 5, 3),
(213.7, 2, 248, 4),
(233.8, 2, 62, 5),
(109.3, 1, 212, 6),
(90, 1, 21, 1),
(111.9, 1, 81, 2),
(264.8, 2, 12, 3),
(56.7, 2, 76, 4),
(129.4, 1, 68, 5),
(191.4, 2, 224, 6),
(163.1, 2, 84, 1),
(289.9, 1, 104, 2),
(131.8, 2, 174, 3),
(164.4, 2, 215, 4),
(118.5, 2, 194, 5),
(264.5, 2, 238, 6),
(161.5, 2, 152, 1),
(260.8, 2, 19, 2),
(164.4, 2, 202, 3),
(293.8, 1, 130, 4),
(161.4, 2, 190, 5),
(156.8, 1, 127, 6),
(67, 1, 194, 1),
(163, 1, 25, 2),
(268, 2, 160, 3),
(107.8, 1, 242, 4),
(272.7, 2, 231, 5),
(294.1, 1, 111, 6),
(238.5, 2, 146, 1),
(268.1, 2, 140, 2),
(203.9, 1, 56, 3),
(277.4, 1, 139, 4),
(109.7, 2, 222, 5),
(153.7, 1, 140, 6),
(136.8, 1, 216, 1),
(131.1, 1, 235, 2),
(150.4, 1, 72, 3),
(206.8, 1, 65, 4),
(289.9, 1, 52, 5),
(257.9, 1, 15, 6),
(193.8, 1, 200, 1),
(168.4, 2, 142, 2),
(193.3, 2, 53, 3),
(126.9, 2, 17, 4),
(67.5, 1, 250, 5),
(205.5, 2, 112, 6),
(280.8, 1, 71, 1),
(78.5, 2, 227, 2),
(138.3, 2, 225, 3),
(120.5, 2, 220, 4),
(137.7, 1, 49, 5),
(198.2, 1, 42, 6),
(257.2, 2, 213, 1),
(62.8, 2, 25, 2),
(56.5, 2, 31, 3),
(144.8, 2, 8, 4),
(133.9, 2, 36, 5),
(231.9, 2, 49, 6),
(126.7, 2, 241, 1),
(182.2, 2, 226, 2),
(126.2, 2, 9, 3),
(200.8, 2, 222, 4),
(146.7, 2, 160, 5),
(89.7, 2, 45, 6),
(110.3, 1, 18, 1),
(163.7, 2, 143, 2),
(139.1, 1, 134, 3),
(125.4, 1, 96, 4),
(180.2, 1, 106, 5),
(187.5, 1, 32, 6),
(145.8, 1, 143, 1),
(158.5, 2, 95, 2),
(96, 1, 239, 3),
(184.5, 1, 14, 4),
(85.9, 2, 176, 5),
(105.5, 2, 40, 6),
(130.4, 2, 85, 1),
(175.1, 2, 112, 2),
(131.9, 2, 4, 1),
(169.7, 1, 101, 3),
(255.4, 2, 170, 4),
(192, 1, 60, 5),
(104.3, 2, 216, 6),
(179.5, 2, 214, 1),
(124.9, 1, 145, 2),
(255.5, 1, 227, 3),
(284.4, 1, 140, 4),
(144.9, 2, 121, 5),
(51.8, 1, 216, 6),
(235.3, 1, 242, 1),
(224.6, 2, 164, 2),
(141.7, 2, 60, 1),
(291.8, 2, 152, 1),
(98.1, 2, 83, 2),
(141.5, 1, 227, 1),
(73.1, 2, 58, 1),
(166.7, 1, 167, 2),
(54.5, 2, 7, 1),
(83.9, 2, 65, 1),
(141.4, 2, 206, 1),
(290.2, 1, 49, 2),
(226.2, 1, 16, 1),
(166.5, 2, 154, 5),
(252.8, 2, 59, 1),
(187.5, 2, 202, 3),
(60.8, 1, 151, 2),
(283.8, 1, 10, 6),
(188.1, 2, 208, 2),
(184.8, 2, 13, 3),
(286.9, 2, 191, 5),
(161.8, 1, 24, 6),
(274.6, 1, 218, 2),
(266.6, 1, 249, 4),
(236.4, 2, 199, 4),
(174.9, 1, 73, 2),
(52.9, 2, 225, 1),
(261.4, 2, 161, 5),
(276.6, 2, 86, 6),
(237.2, 2, 136, 6),
(169.5, 2, 103, 3),
(85.2, 2, 158, 5),
(215.8, 2, 197, 2),
(276.3, 2, 204, 5),
(245.8, 2, 44, 3),
(260.8, 2, 164, 3),
(128.9, 2, 59, 4),
(248.6, 2, 200, 1),
(252, 1, 165, 3),
(129.3, 2, 123, 6),
(198.8, 1, 77, 1),
(59.9, 2, 98, 3),
(98.4, 2, 179, 2),
(84.7, 1, 133, 3),
(172, 2, 25, 2),
(242.2, 1, 76, 4),
(143.2, 1, 126, 1),
(223.3, 2, 184, 3),
(189.9, 2, 227, 3),
(287.6, 2, 113, 2),
(169.6, 1, 113, 4),
(132.3, 1, 169, 5),
(133.1, 1, 117, 2),
(144.6, 1, 148, 5),
(160.9, 1, 188, 5),
(238.9, 1, 151, 4),
(262.2, 2, 222, 1),
(179, 1, 72, 4),
(110.8, 2, 75, 3),
(235.5, 1, 178, 2),
(118.4, 2, 124, 5),
(168.5, 1, 147, 1),
(201.4, 1, 192, 1),
(257.2, 2, 230, 3),
(279.3, 1, 225, 4),
(71.4, 1, 207, 5),
(220.6, 2, 143, 6),
(117.7, 1, 159, 5),
(193.2, 1, 106, 6),
(222.2, 2, 107, 6),
(189.5, 2, 99, 6),
(61.8, 1, 157, 2),
(130.1, 1, 51, 2),
(147.2, 1, 102, 3),
(155.6, 2, 218, 3),
(188.9, 2, 53, 1),
(68.1, 1, 89, 6),
(197.9, 2, 240, 6),
(164.6, 1, 42, 5),
(281.2, 1, 73, 8),
(56.6, 1, 173, 3),
(155.8, 2, 164, 4),
(278.4, 1, 67, 6),
(208.3, 1, 104, 2),
(254.6, 1, 116, 5),
(246.3, 2, 135, 2),
(85.4, 2, 105, 6),
(72.6, 2, 86, 4),
(297.3, 1, 13, 3),
(149.1, 1, 42, 2),
(149.6, 2, 180, 2),
(76.9, 2, 215, 5),
(190, 2, 30, 6),
(50, 1, 257, 1),
(250, 1, 258, 5),
(250, 1, 1, 4);

-- --------------------------------------------------------

--
-- Table structure for table `saskaitos`
--

CREATE TABLE `saskaitos` (
  `sask_nr` int(11) NOT NULL,
  `data` date NOT NULL,
  `suma` float NOT NULL,
  `fk_UZSAKYMAS` int(11) NOT NULL
) ENGINE=InnoDB DEFAULT CHARSET=utf8 COLLATE=utf8_lithuanian_ci;

--
-- Dumping data for table `saskaitos`
--

INSERT INTO `saskaitos` (`sask_nr`, `data`, `suma`, `fk_UZSAKYMAS`) VALUES
(1, '2022-05-30', 1036.5, 1),
(2, '2022-03-15', 2815.2, 2),
(3, '2022-08-08', 2295.9, 3),
(4, '2022-12-15', 2115.3, 4),
(5, '2022-09-19', 3129.2, 5),
(6, '2022-10-05', 1044.9, 6),
(7, '2022-10-20', 1695.2, 7),
(8, '2022-11-19', 2967, 8),
(9, '2022-11-18', 1734.6, 9),
(10, '2022-12-01', 1138.7, 10),
(11, '2022-11-14', 1629.5, 11),
(12, '2022-11-06', 2264.5, 12),
(13, '2022-03-13', 1247.1, 13),
(14, '2022-08-23', 2731.9, 14),
(15, '2022-05-20', 467.9, 15),
(16, '2022-04-01', 2696.9, 16),
(17, '2022-09-12', 1558.7, 17),
(18, '2022-06-22', 2213.1, 18),
(19, '2022-10-20', 2191.7, 19),
(20, '2022-07-02', 2900.5, 20),
(21, '2022-10-12', 792.1, 21),
(22, '2022-10-05', 1415.3, 22),
(23, '2023-01-31', 2610.5, 23),
(24, '2022-12-11', 2043.5, 24),
(25, '2022-03-23', 2479.4, 25),
(26, '2022-05-10', 1794.7, 26),
(27, '2022-04-22', 608.4, 27),
(28, '2022-05-21', 2379.4, 28),
(29, '2022-10-21', 810.7, 29),
(30, '2022-10-31', 1775.9, 30),
(31, '2023-01-16', 1009.6, 31),
(32, '2022-08-21', 593.4, 32),
(33, '2022-03-04', 2348.9, 33),
(34, '2022-03-24', 607.6, 34),
(35, '2022-09-11', 677.1, 35),
(36, '2022-07-15', 2585.1, 36),
(37, '2022-07-20', 705.8, 37),
(38, '2022-10-30', 2888.1, 38),
(39, '2022-08-03', 502.8, 39),
(40, '2023-01-31', 2666.6, 40),
(41, '2022-04-20', 2507.8, 41),
(42, '2022-03-11', 356.9, 42),
(43, '2023-02-27', 1305.5, 43),
(44, '2022-08-21', 1524.1, 44),
(45, '2022-09-11', 2347.3, 45),
(46, '2022-04-22', 589.6, 46),
(47, '2022-05-01', 591, 47),
(48, '2023-02-23', 836.1, 48),
(49, '2022-10-06', 1111.2, 49),
(50, '2022-09-27', 2367.2, 50),
(51, '2022-10-17', 1829.8, 51),
(52, '2022-03-26', 2529.6, 52),
(53, '2022-09-12', 1989.8, 53),
(54, '2022-05-08', 1054.2, 54),
(55, '2022-08-23', 1731.6, 55),
(56, '2022-04-25', 579.7, 56),
(57, '2023-01-17', 1635.7, 57),
(58, '2022-07-29', 1918.9, 58),
(59, '2022-08-04', 809.8, 59),
(60, '2023-01-02', 1416, 60),
(61, '2022-04-24', 2913.5, 61),
(62, '2022-11-27', 511.7, 62),
(63, '2022-06-05', 1833.2, 63),
(64, '2022-11-13', 354, 64),
(65, '2022-11-22', 2767.7, 65),
(66, '2022-05-05', 1630.9, 66),
(67, '2022-08-16', 686.7, 67),
(68, '2022-05-28', 1685, 68),
(69, '2022-09-17', 593.3, 69),
(70, '2022-07-23', 2131.1, 70),
(71, '2023-02-23', 981.1, 71),
(72, '2022-09-13', 2602.2, 72),
(73, '2022-06-08', 2616.6, 73),
(74, '2022-12-11', 1709.6, 74),
(75, '2022-06-16', 674, 75),
(76, '2022-10-26', 1323.3, 76),
(77, '2022-09-12', 1944.5, 77),
(78, '2022-07-22', 2461.1, 78),
(79, '2022-08-22', 1352.1, 79),
(80, '2023-02-25', 2490.1, 80),
(81, '2022-10-30', 2185.4, 81),
(82, '2022-07-11', 810.5, 82),
(83, '2022-03-29', 1544.5, 83),
(84, '2023-01-11', 2189.1, 84),
(85, '2022-10-07', 1975.2, 85),
(86, '2022-05-03', 2203.3, 86),
(87, '2022-06-25', 2652.3, 87),
(88, '2023-01-14', 1363.3, 88),
(89, '2022-03-18', 2580, 89),
(90, '2022-03-22', 2252, 90),
(91, '2022-10-14', 1696.8, 91),
(92, '2022-04-08', 2704.8, 92),
(93, '2023-02-26', 1464.9, 93),
(94, '2022-11-13', 2903.7, 94),
(95, '2022-08-22', 2949.8, 95),
(96, '2022-12-11', 873.6, 96),
(97, '2022-07-30', 2808.8, 97),
(98, '2022-06-13', 1067.5, 98),
(99, '2022-07-09', 2686.3, 99),
(100, '2022-11-11', 897.3, 100),
(101, '2022-10-13', 1113.9, 101),
(102, '2022-10-12', 581.9, 102),
(103, '2022-09-01', 1655.1, 103),
(104, '2022-04-17', 830.2, 104),
(105, '2022-03-21', 1540.9, 105),
(106, '2022-09-20', 1251.6, 106),
(107, '2022-05-07', 2585.9, 107),
(108, '2022-04-10', 747.2, 108),
(109, '2022-09-06', 856, 109),
(110, '2022-07-13', 2324.8, 110),
(111, '2023-01-15', 2589.5, 111),
(112, '2022-12-29', 1567.7, 112),
(113, '2022-08-02', 2490.6, 113),
(114, '2023-02-01', 981.2, 114),
(115, '2022-10-01', 440.4, 115),
(116, '2023-02-10', 1204.8, 116),
(117, '2022-04-23', 1319.1, 117),
(118, '2022-09-08', 1206.8, 118),
(119, '2023-01-27', 588.9, 119),
(120, '2022-12-12', 498.3, 120),
(121, '2022-04-22', 2821.5, 121),
(122, '2022-09-21', 2844.6, 122),
(123, '2022-03-04', 2307.1, 123),
(124, '2022-11-24', 2160.4, 124),
(125, '2023-02-21', 2956.3, 125),
(126, '2022-09-11', 773.9, 126),
(127, '2022-12-11', 815.5, 127),
(128, '2022-09-01', 1902.8, 128),
(129, '2022-10-01', 974.9, 129),
(130, '2022-08-30', 2766.1, 130),
(131, '2022-11-29', 2988.5, 131),
(132, '2022-03-02', 2110.9, 132),
(133, '2023-01-17', 1299.8, 133),
(134, '2022-12-10', 2184.4, 134),
(135, '2022-09-15', 2589.2, 135),
(136, '2023-02-20', 902.7, 136),
(137, '2023-02-22', 2363.3, 137),
(138, '2022-06-26', 2367, 138),
(139, '2022-09-18', 2058.9, 139),
(140, '2022-05-18', 1285.1, 140),
(141, '2022-06-27', 829, 141),
(142, '2022-11-21', 2734.4, 142),
(143, '2023-01-27', 1129.7, 143),
(144, '2022-03-25', 962.6, 144),
(145, '2022-05-31', 1353.7, 145),
(146, '2023-01-14', 1178.5, 146),
(147, '2022-07-31', 354.4, 147),
(148, '2023-02-17', 2304.8, 148),
(149, '2022-04-10', 2231.6, 149),
(150, '2022-04-24', 1203.6, 150),
(151, '2022-12-21', 1114.5, 151),
(152, '2022-12-05', 1199.1, 152),
(153, '2022-04-18', 2975.5, 153),
(154, '2022-05-16', 946.8, 154),
(155, '2022-11-21', 2567.7, 155),
(156, '2023-02-26', 1743, 156),
(157, '2023-01-16', 2771.2, 157),
(158, '2023-01-06', 1446.2, 158),
(159, '2022-07-08', 2168.5, 159),
(160, '2022-03-01', 2588.4, 160),
(161, '2022-05-09', 2029.2, 161),
(162, '2022-10-29', 598.5, 162),
(163, '2022-04-16', 2692.8, 163),
(164, '2022-10-30', 2131.9, 164),
(165, '2022-06-29', 2577.8, 165),
(166, '2022-07-08', 2588.3, 166),
(167, '2022-05-24', 1418.2, 167),
(168, '2022-12-07', 2892.5, 168),
(169, '2022-08-01', 2602.7, 169),
(170, '2023-02-25', 2606.9, 170),
(171, '2022-11-18', 1344.2, 171),
(172, '2022-03-16', 2520.5, 172),
(173, '2022-04-09', 1111.7, 173),
(174, '2022-12-09', 1264.8, 174),
(175, '2022-07-07', 1423.5, 175),
(176, '2022-05-19', 1139.1, 176),
(177, '2022-04-25', 2208.4, 177),
(178, '2022-06-11', 699.9, 178),
(179, '2022-10-25', 2876.7, 179),
(180, '2022-03-12', 1053.2, 180),
(181, '2022-09-04', 2567.5, 181),
(182, '2022-06-28', 2036.1, 182),
(183, '2022-09-12', 358.9, 183),
(184, '2022-06-26', 2261.6, 184),
(185, '2022-10-07', 593.2, 185),
(186, '2022-09-23', 2014.4, 186),
(187, '2022-12-29', 1637.8, 187),
(188, '2022-07-04', 1979, 188),
(189, '2022-07-31', 1425.3, 189),
(190, '2022-09-04', 1235.2, 190),
(191, '2022-06-22', 1031.3, 191),
(192, '2023-02-08', 342.7, 192),
(193, '2022-09-13', 2077.5, 193),
(194, '2022-10-18', 938.5, 194),
(195, '2022-04-08', 1377.8, 195),
(196, '2022-07-16', 1911.5, 196),
(197, '2022-11-19', 2918.4, 197),
(198, '2022-11-22', 2581.5, 198),
(199, '2022-05-23', 1340.1, 199),
(200, '2022-03-21', 2644.8, 200),
(201, '2023-02-07', 432.1, 201),
(202, '2022-03-21', 1274.1, 202),
(203, '2022-10-30', 2613.6, 203),
(204, '2022-12-22', 2777.9, 204),
(205, '2022-11-02', 2532.7, 205),
(206, '2022-08-21', 2040.2, 206),
(207, '2023-01-17', 2637.4, 207),
(208, '2023-02-08', 1931.4, 208),
(209, '2022-06-03', 919.3, 209),
(210, '2022-06-10', 1835.6, 210),
(211, '2022-07-10', 2176, 211),
(212, '2022-12-12', 1410.1, 212),
(213, '2022-08-02', 1660.1, 213),
(214, '2022-06-09', 2886.5, 214),
(215, '2023-02-01', 1493.3, 215),
(216, '2022-12-18', 1375.3, 216),
(217, '2022-08-22', 1566.1, 217),
(218, '2023-01-02', 1529.9, 218),
(219, '2023-02-11', 2837.4, 219),
(220, '2022-05-27', 1374.4, 220),
(221, '2022-09-09', 637.6, 221),
(222, '2022-06-26', 1204.6, 222),
(223, '2022-10-23', 2191.2, 223),
(224, '2022-12-24', 1348, 224),
(225, '2022-06-12', 2844.1, 225),
(226, '2022-09-11', 492.1, 226),
(227, '2022-05-06', 2899.1, 227),
(228, '2022-05-19', 2744.6, 228),
(229, '2022-11-29', 2536.5, 229),
(230, '2022-07-31', 399.2, 230),
(231, '2022-11-19', 1452.6, 231),
(232, '2023-02-14', 1030.5, 232),
(233, '2023-02-04', 1620.9, 233),
(234, '2022-10-30', 349.8, 234),
(235, '2023-02-21', 1906.9, 235),
(236, '2022-09-20', 2274.4, 236),
(237, '2022-09-29', 1389.1, 237),
(238, '2022-07-29', 2999.4, 238),
(239, '2022-08-17', 2430.1, 239),
(240, '2022-11-08', 1078.9, 240),
(241, '2022-03-29', 1813.4, 241),
(242, '2022-11-22', 2588.2, 242),
(243, '2022-08-15', 1462.8, 243),
(244, '2022-12-18', 1425.3, 244),
(245, '2022-08-18', 699.9, 245),
(246, '2022-11-24', 493.6, 246),
(247, '2022-05-10', 350.3, 247),
(248, '2022-11-24', 495.4, 248),
(249, '2022-04-01', 2609.2, 249),
(250, '2022-08-22', 526.6, 250);

-- --------------------------------------------------------

--
-- Table structure for table `tiekejai`
--

CREATE TABLE `tiekejai` (
  `tiekej_d` int(11) NOT NULL,
  `pavadinimas` varchar(255) NOT NULL,
  `telefonas` varchar(255) NOT NULL,
  `el_pastas` varchar(255) NOT NULL,
  `adresas` varchar(255) NOT NULL
) ENGINE=InnoDB DEFAULT CHARSET=utf8 COLLATE=utf8_lithuanian_ci;

--
-- Dumping data for table `tiekejai`
--

INSERT INTO `tiekejai` (`tiekej_d`, `pavadinimas`, `telefonas`, `el_pastas`, `adresas`) VALUES
(1, 'Rhynoodle', '3038534607', 'cbatstone0@php.net', '9625 Daystar Center'),
(2, 'Rhynyx', '9967541582', 'cbenediktsson1@stumbleupon.com', '10168 Coleman Center'),
(3, 'Buzzshare', '7988029411', 'cwalthall2@about.com', '9935 Carpenter Junction'),
(4, 'Centidel', '7792027978', 'cfredson3@yahoo.co.jp', '495 Prentice Center'),
(5, 'Brainlounge', '4366993380', 'nbrundale4@delicious.com', '2 Prairie Rose Pass'),
(6, 'Camido', '1642278349', 'hfarraway5@nsw.gov.au', '498 Packers Plaza'),
(7, 'Tanoodle', '1756848488', 'kroskell6@booking.com', '295 Barnett Hill'),
(8, 'Lajo', '9368636346', 'esausman7@elegantthemes.com', '72741 Little Fleur Pass'),
(9, 'Bluejam', '6777917575', 'xalelsandrovich8@columbia.edu', '47 Shelley Way'),
(10, 'Skimia', '7136009280', 'afranke9@dailymail.co.uk', '30085 Sugar Drive'),
(11, 'Avaveo', '6818330282', 'pjeffryesa@youtu.be', '40780 Bayside Crossing'),
(12, 'Miboo', '2481534300', 'sprestonb@symantec.com', '63 1st Plaza'),
(13, 'Fivebridge', '9202193631', 'scolvillec@google.com.br', '7662 Starling Way'),
(14, 'Youspan', '2924042770', 'lcampbelld@github.io', '25518 Waxwing Parkway'),
(15, 'Yoveo', '8961522354', 'avosee@miibeian.gov.cn', '283 Reindahl Pass'),
(16, 'BlogXS', '7428732777', 'cbraidf@time.com', '23 Anderson Trail'),
(17, 'Shuffledrive', '7758222489', 'djehaesg@github.com', '2093 Nova Terrace'),
(18, 'Zoomcast', '1776525882', 'ldockeryh@ebay.co.uk', '56627 Armistice Road'),
(19, 'Camido', '6682352283', 'sdranei@flickr.com', '691 Dawn Way'),
(20, 'Kwimbee', '2188503724', 'tgullyesj@comsenz.com', '6199 Ludington Hill'),
(21, 'Skipfire', '1434950269', 'cthrussellk@adobe.com', '8 Quincy Crossing'),
(22, 'Vitz', '7689940175', 'mduchesnel@jimdo.com', '9957 Texas Parkway'),
(23, 'Livetube', '2369941918', 'ewishkarm@youtube.com', '3087 Rowland Road'),
(24, 'Janyx', '7364426636', 'bziemn@t-online.de', '7438 Sage Junction'),
(25, 'Gabspot', '6136602525', 'msoffo@ucla.edu', '58 Morningstar Park'),
(26, 'Flipbug', '3228173349', 'atrevinop@baidu.com', '005 Stephen Road'),
(27, 'Twitterwire', '9982546052', 'gkachq@comsenz.com', '80218 Comanche Center'),
(28, 'Oba', '5754365412', 'jswaler@tmall.com', '03 Parkside Lane'),
(29, 'Photolist', '1674837176', 'cainslies@prnewswire.com', '84 Menomonie Trail'),
(30, 'Thoughtstorm', '6561494529', 'ddennisst@mysql.com', '07353 Sherman Point'),
(31, 'Skimia', '8802938517', 'hdenyu@edublogs.org', '4 Talisman Drive'),
(32, 'Yakidoo', '5516260000', 'kgashv@latimes.com', '5768 Packers Plaza'),
(33, 'Trudoo', '7483310269', 'mgirlingw@jigsy.com', '71 Summer Ridge Center'),
(34, 'Wikizz', '2752830746', 'fjanuszewskix@yellowbook.com', '0 Helena Crossing'),
(35, 'Trudeo', '4329622250', 'bfreany@comcast.net', '61 Cambridge Lane'),
(36, 'Plambee', '6742491346', 'sdomesdayz@barnesandnoble.com', '3 Valley Edge Point'),
(37, 'Dynava', '2603802128', 'mdorcey10@google.ca', '97 American Ash Lane'),
(38, 'Zoomdog', '6731453117', 'dludmann11@prweb.com', '44559 Monument Hill'),
(39, 'Youtags', '9542282593', 'phegdonne12@prlog.org', '4 Little Fleur Pass'),
(40, 'Yodoo', '4562303293', 'ghallard13@google.com', '7 Johnson Park'),
(41, 'Rice, Hermann and Boehm', '502-634-3335', 'lchaperling14@washington.edu', '2462 Walton Junction'),
(42, 'Brakus and Sons', '977-760-0308', 'mbrockman15@stanford.edu', '959 Parkside Drive'),
(43, 'Stoltenberg LLC', '907-808-0668', 'ladamowicz16@studiopress.com', '9604 Sunnyside Park'),
(44, 'Schroeder-D\'Amore', '195-821-2803', 'ayurkov17@un.org', '087 American Ash Alley'),
(45, 'Christiansen-Heidenreich', '402-983-2300', 'kkimbell18@about.me', '4 Chinook Road'),
(46, 'Daugherty, Lehner and Fadel', '205-118-7047', 'nlangtree19@last.fm', '4936 Scoville Parkway'),
(47, 'Weber, O\'Reilly and MacGyver', '452-303-1387', 'ffaier1a@salon.com', '34143 Waywood Avenue'),
(48, 'Watsica, Reinger and Spencer', '263-425-4531', 'zedgeller1b@infoseek.co.jp', '1 Johnson Junction'),
(49, 'Sawayn, Mann and Lakin', '402-316-5814', 'gjarritt1c@utexas.edu', '39 Melby Park'),
(50, 'Glover, Bruen and Heidenreich', '980-893-7861', 'rculley1d@usa.gov', '085 Briar Crest Center'),
(51, 'Reilly-Fisher', '201-372-0724', 'rcolyer1e@senate.gov', '7782 Brown Drive'),
(52, 'Bosco and Sons', '714-876-7066', 'vedmundson1f@comsenz.com', '925 Pennsylvania Drive'),
(53, 'Lubowitz-Ankunding', '632-141-6436', 'ishekle1g@shutterfly.com', '8270 Crescent Oaks Lane'),
(54, 'Heathcote, Pfeffer and Murray', '419-995-1557', 'leckersley1h@soup.io', '98619 Anderson Center'),
(55, 'Reinger, Cormier and Block', '831-904-6687', 'alowde1i@ameblo.jp', '72 Cardinal Junction'),
(56, 'Durgan Inc', '562-455-9215', 'crosenzveig1j@bloglovin.com', '5504 Monica Terrace'),
(57, 'Hettinger, Bernhard and Hahn', '255-172-5125', 'ncrosham1k@ebay.com', '813 Del Sol Court'),
(58, 'Bruen-Wilkinson', '695-177-5955', 'uclemow1l@virginia.edu', '4015 Declaration Way'),
(59, 'Boyer Inc', '985-226-3565', 'hworsam1m@reuters.com', '10861 School Court'),
(60, 'Schamberger Group', '568-407-1980', 'fplumridge1n@soundcloud.com', '88 Northridge Plaza'),
(61, 'Morar, Hettinger and Harvey', '400-231-9728', 'aodell1o@cnbc.com', '65735 Helena Road'),
(62, 'Leuschke-Kreiger', '500-623-1475', 'mcantera1p@chron.com', '7006 Heath Park'),
(63, 'Gibson-Hammes', '577-210-8681', 'wciobutaro1q@infoseek.co.jp', '09 Express Place'),
(64, 'Sanford, Larson and Flatley', '593-842-3160', 'urisebarer1r@eepurl.com', '1 Bultman Point'),
(65, 'Spencer-Gleason', '290-634-3627', 'gkinforth1s@un.org', '713 Badeau Pass'),
(66, 'Lubowitz Inc', '142-717-9852', 'nruthen1t@ycombinator.com', '035 Sommers Junction'),
(67, 'Boehm LLC', '244-702-1380', 'hblackboro1u@dropbox.com', '7444 Swallow Alley'),
(68, 'Langworth LLC', '959-232-2193', 'pedon1v@cmu.edu', '104 West Avenue'),
(69, 'Gislason-Harris', '681-958-9770', 'mkisbey1w@slate.com', '84 Redwing Hill'),
(70, 'Bergstrom and Sons', '947-688-8573', 'syielding1x@dropbox.com', '11 Esch Drive'),
(71, 'Hammes and Sons', '785-103-0713', 'bwanne1y@army.mil', '7157 Mayfield Circle'),
(72, 'Kuhn, D\'Amore and Denesik', '381-563-9143', 'janyene1z@t-online.de', '1598 Thackeray Way'),
(73, 'Dietrich, Abernathy and Rohan', '750-505-3608', 'sdarrigoe20@behance.net', '12 Fulton Terrace'),
(74, 'Dicki Inc', '480-168-5356', 'rbeach21@ca.gov', '43 Bashford Place'),
(75, 'Auer-Simonis', '453-776-9456', 'mguilleton22@seattletimes.com', '8842 Swallow Park'),
(76, 'Wilkinson and Sons', '813-723-2842', 'mjirsa23@dropbox.com', '20 Packers Junction'),
(77, 'Beer, Shields and Osinski', '468-269-6889', 'lyonnie24@163.com', '10 Carpenter Park'),
(78, 'Schulist-Mayer', '803-850-2098', 'rpettyfar25@arstechnica.com', '325 Carioca Plaza'),
(79, 'Hand, Stiedemann and Roberts', '683-426-5543', 'jheams26@mit.edu', '2410 Clove Plaza'),
(80, 'Gislason, Medhurst and Schmeler', '938-329-1112', 'lkarolyi27@squarespace.com', '61572 Saint Paul Trail'),
(81, 'Adams Inc', '224-490-4461', 'jproven28@bloglovin.com', '80 Browning Way'),
(82, 'Denesik, Grady and Berge', '785-792-0374', 'mmuckeen29@scientificamerican.com', '54006 Gateway Avenue'),
(83, 'Jenkins-Schroeder', '422-985-7063', 'ageeritz2a@ask.com', '397 Portage Way'),
(84, 'Romaguera, Kohler and Schoen', '179-108-3257', 'dpieroni2b@blogs.com', '79530 Comanche Parkway'),
(85, 'Kertzmann and Sons', '487-444-3763', 'bfaulkner2c@sogou.com', '9998 Golden Leaf Lane'),
(86, 'Koepp, King and Schimmel', '765-729-6488', 'dwetter2d@stanford.edu', '2 Northridge Plaza'),
(87, 'Stoltenberg-Ruecker', '856-798-9707', 'rjinda2e@toplist.cz', '26 Oxford Alley'),
(88, 'Beahan-Howe', '940-667-0800', 'vdocket2f@linkedin.com', '1748 Milwaukee Terrace'),
(89, 'Keebler Inc', '709-376-4021', 'idannell2g@nba.com', '84643 Butterfield Trail'),
(90, 'Botsford-Kirlin', '321-440-1959', 'mblagden2h@cornell.edu', '17417 Upham Center'),
(91, 'Koepp-Howe', '622-393-2422', 'aeste2i@storify.com', '2514 Manitowish Avenue'),
(92, 'Kiehn, Farrell and Prohaska', '777-301-8167', 'jgrimsdale2j@liveinternet.ru', '332 Huxley Junction'),
(93, 'O\'Kon and Sons', '832-452-3102', 'ademko2k@microsoft.com', '583 Forest Run Lane'),
(94, 'Flatley, Hoeger and Smith', '336-284-4961', 'dfairhurst2l@vimeo.com', '212 Mesta Plaza'),
(95, 'Fritsch Group', '991-415-0277', 'awigmore2m@abc.net.au', '65138 Transport Trail'),
(96, 'Treutel, Dare and Fisher', '957-560-1293', 'fwallbridge2n@zimbio.com', '1035 Cascade Circle'),
(97, 'Streich-Wuckert', '968-336-1036', 'ksallier2o@jalbum.net', '7 Green Parkway'),
(98, 'Blanda-Smitham', '430-379-1855', 'wcashman2p@elpais.com', '80 Anzinger Plaza'),
(99, 'Rowe, Gaylord and Spencer', '412-310-5038', 'ekinchlea2q@technorati.com', '73260 Lunder Parkway'),
(100, 'McDermott and Sons', '502-978-0918', 'rlindhe2r@nsw.gov.au', '9 Lawn Plaza'),
(101, 'Lind, Nicolas and Reilly', '266-424-7736', 'dcucinotta2s@themeforest.net', '00 Farmco Park'),
(102, 'Mueller Group', '933-131-5871', 'kligertwood2t@typepad.com', '45138 Hollow Ridge Avenue'),
(103, 'Schumm Group', '862-672-8604', 'sblaxland2u@usnews.com', '44717 Kipling Parkway'),
(104, 'Purdy-Howell', '974-993-7445', 'amaccallister2v@hatena.ne.jp', '092 Cascade Way'),
(105, 'Lang Inc', '965-403-8626', 'gspieck2w@mlb.com', '213 Bluestem Place'),
(106, 'Lemke-Thompson', '764-294-1299', 'mgiacomini2x@amazonaws.com', '7064 Huxley Drive'),
(107, 'Hammes, Walsh and Skiles', '665-669-7945', 'wcruddas2y@purevolume.com', '86 Ramsey Pass'),
(108, 'Jacobi, Franecki and Runolfsdottir', '872-530-4956', 'echeves2z@tmall.com', '4333 Gale Way'),
(109, 'King, Abbott and Green', '810-886-0962', 'bfrogley30@gmpg.org', '4 1st Park'),
(110, 'Pfannerstill-Deckow', '223-722-5636', 'csumpter31@ted.com', '05 Everett Court'),
(111, 'Runolfsdottir, Ritchie and Goyette', '564-492-2348', 'peastmond32@dmoz.org', '9 Gulseth Pass'),
(112, 'Vandervort-Yost', '559-746-3121', 'nmckeller33@usnews.com', '2 Bay Circle'),
(113, 'Runte-Weissnat', '768-710-0126', 'squibell34@lycos.com', '3185 Russell Alley'),
(114, 'King and Sons', '513-247-0848', 'htwizell35@seesaa.net', '95 North Court'),
(115, 'Lesch-Dare', '803-593-0779', 'mcaldecot36@jalbum.net', '885 Calypso Road'),
(116, 'Jones-Paucek', '209-588-6987', 'gwallege37@ask.com', '08 6th Park'),
(117, 'Boehm and Sons', '947-510-9244', 'chuggen38@creativecommons.org', '67 Shopko Hill'),
(118, 'Dickens and Sons', '707-100-3395', 'ehandaside39@blogtalkradio.com', '44874 Pearson Avenue'),
(119, 'Frami, Emard and Stiedemann', '537-273-1101', 'sallan3a@canalblog.com', '14 Fordem Junction'),
(120, 'Price, Hodkiewicz and Heathcote', '143-918-0758', 'tsalleir3b@phoca.cz', '5071 Susan Way'),
(121, 'Mann, Crist and Harris', '289-161-1557', 'sseifenmacher3c@bluehost.com', '4585 Basil Trail'),
(122, 'Corkery, Wintheiser and Ebert', '260-586-1802', 'gspracklin3d@phoca.cz', '505 Maple Circle'),
(123, 'Shields LLC', '388-458-0857', 'tcottee3e@hao123.com', '8297 Vahlen Pass'),
(124, 'Bins-Ernser', '914-834-2557', 'mpenvarden3f@51.la', '02662 Mcbride Place'),
(125, 'Schumm-Beatty', '962-263-9113', 'respinas3g@macromedia.com', '1 Summer Ridge Point'),
(126, 'Roberts, Paucek and Swift', '117-851-3920', 'nthody3h@jalbum.net', '9 Colorado Drive'),
(127, 'Jakubowski Inc', '456-191-8139', 'gdaborn3i@eventbrite.com', '360 Fallview Avenue'),
(128, 'Shields, Kovacek and Grimes', '817-719-5491', 'sbrixey3j@com.com', '582 Village Green Park'),
(129, 'Bernier LLC', '644-276-2944', 'prosborough3k@comsenz.com', '8019 Lakeland Lane'),
(130, 'Stokes Inc', '143-433-2775', 'bjervis3l@desdev.cn', '2136 Susan Crossing'),
(131, 'Emard, O\'Connell and Cummings', '756-359-8198', 'govize3m@i2i.jp', '7297 Vermont Junction'),
(132, 'Mills, Pollich and Abernathy', '163-200-4592', 'abyer3n@netvibes.com', '5264 Gulseth Lane'),
(133, 'Hammes, Paucek and Gislason', '365-933-6275', 'gwestberg3o@indiatimes.com', '0 Dayton Place'),
(134, 'Kutch-Rowe', '987-444-0763', 'ddonald3p@pen.io', '1 Springview Place'),
(135, 'Orn-Beahan', '802-679-7421', 'charryman3q@jiathis.com', '947 Hovde Alley'),
(136, 'Heaney, McCullough and Bruen', '365-762-3167', 'ppicheford3r@cdbaby.com', '3686 Di Loreto Circle'),
(137, 'Morissette Group', '362-786-8551', 'jdanilov3s@forbes.com', '8471 Iowa Plaza'),
(138, 'Schultz-Shanahan', '971-150-6742', 'abricket3t@nasa.gov', '4 Russell Plaza'),
(139, 'Raynor LLC', '699-753-0058', 'rmonier3u@slideshare.net', '67 Columbus Terrace'),
(140, 'Feil-Weber', '912-965-3769', 'hstag3v@army.mil', '59983 Anthes Plaza'),
(141, 'Kiehn-Thiel', '175-605-6695', 'hwillatts3w@sbwire.com', '98 Graceland Place'),
(142, 'Oberbrunner-Kuhn', '928-265-7079', 'ddearman3x@vistaprint.com', '7813 Corscot Point'),
(143, 'Larkin-Kling', '230-591-7482', 'csumpton3y@gnu.org', '8623 Westport Parkway'),
(144, 'Bashirian, Heller and Will', '536-948-5520', 'ystanners3z@guardian.co.uk', '5 Longview Avenue'),
(145, 'Boehm and Sons', '980-762-5833', 'jyeats40@usa.gov', '2 Roxbury Point'),
(146, 'Spinka-Botsford', '576-954-0882', 'wshilladay41@kickstarter.com', '28790 Dunning Circle'),
(147, 'Schaden, Hackett and Hammes', '721-696-7588', 'gtupling42@state.gov', '711 Ridge Oak Alley'),
(148, 'Schinner Inc', '762-134-5807', 'dvise43@google.co.jp', '60 Montana Way'),
(149, 'Becker, Ondricka and Gulgowski', '388-613-9037', 'keffnert44@reddit.com', '431 Sundown Center'),
(150, 'McDermott, Bayer and Bartell', '834-221-5258', 'tengledow45@sciencedaily.com', '61 Dexter Drive'),
(151, 'Pagac-Strosin', '342-838-9732', 'pborghese46@geocities.com', '9515 Scofield Court'),
(152, 'Waelchi and Sons', '494-564-8451', 'cjedryka47@squidoo.com', '404 Marcy Drive'),
(153, 'Beier and Sons', '616-983-3058', 'lsteutly48@toplist.cz', '3873 Sunfield Pass'),
(154, 'Reichert, Jacobi and Renner', '853-873-3517', 'rglyn49@delicious.com', '8327 Talmadge Pass'),
(155, 'Kunze, Brakus and Dickinson', '531-798-8828', 'bcharter4a@yelp.com', '0 Farragut Street'),
(156, 'Lockman, MacGyver and Roob', '268-217-1652', 'stimblett4b@addthis.com', '9141 Prentice Road'),
(157, 'Rowe Group', '730-503-0740', 'mgodwin4c@sogou.com', '1 Hanson Pass'),
(158, 'Casper, Paucek and Reilly', '364-678-6067', 'mkitchingham4d@economist.com', '39 Pearson Alley'),
(159, 'Donnelly-Koss', '337-946-0274', 'balesi4e@hc360.com', '985 Debs Plaza'),
(160, 'Macejkovic, Bahringer and Upton', '476-288-9262', 'xlibri4f@hostgator.com', '52861 Veith Parkway'),
(161, 'Beier-Murphy', '748-528-7966', 'epamment4g@guardian.co.uk', '9466 Morrow Alley'),
(162, 'Brakus, Marquardt and Kemmer', '948-604-5950', 'mhillatt4h@vimeo.com', '9903 Roth Court'),
(163, 'Boehm-Rogahn', '812-718-3901', 'htosdevin4i@scientificamerican.com', '1620 Morrow Circle'),
(164, 'Moen-Lowe', '893-117-8564', 'jwhelan4j@java.com', '286 Hovde Circle'),
(165, 'Waelchi, Rutherford and Jacobs', '541-768-4511', 'mverissimo4k@mapy.cz', '1 Starling Lane'),
(166, 'Green Inc', '173-196-4669', 'ldoulton4l@is.gd', '9 Orin Center'),
(167, 'Pagac-O\'Conner', '539-884-2550', 'mgrinston4m@bbc.co.uk', '89314 Heath Center'),
(168, 'Skiles LLC', '855-330-7065', 'ghatherall4n@state.tx.us', '7 Corscot Circle'),
(169, 'Hand-McClure', '817-396-5261', 'ashovelbottom4o@naver.com', '74 Harper Parkway'),
(170, 'Emmerich and Sons', '637-856-5422', 'abosquet4p@usatoday.com', '34400 Merry Circle'),
(171, 'Lindgren, Reichel and Williamson', '618-306-1226', 'akaine4q@yahoo.co.jp', '08 Judy Circle'),
(172, 'Wolff-Effertz', '976-138-2580', 'kdransfield4r@homestead.com', '14700 Boyd Place'),
(173, 'Kiehn-Hilpert', '490-730-8201', 'jondricek4s@theglobeandmail.com', '3998 Westridge Way'),
(174, 'Oberbrunner, Leannon and Graham', '262-302-4777', 'hbilbrey4t@cnet.com', '04 Kings Crossing'),
(175, 'Larson-Braun', '795-573-4117', 'mbuckleigh4u@loc.gov', '154 Donald Crossing'),
(176, 'Feil, Beahan and Stanton', '240-941-4514', 'bfranzman4v@squidoo.com', '42 Sullivan Parkway'),
(177, 'Glover, Dickinson and Kozey', '999-196-5653', 'blarkworthy4w@cdbaby.com', '34 Blaine Crossing'),
(178, 'Weimann, Hayes and Quigley', '444-946-3465', 'ntomsen4x@themeforest.net', '25622 Sunbrook Terrace'),
(179, 'Franecki Group', '188-901-5330', 'gblundin4y@cbc.ca', '13764 Walton Road'),
(180, 'Hermiston-Bernier', '354-293-3741', 'tgerriet4z@weibo.com', '069 Fair Oaks Place'),
(181, 'Bernhard and Sons', '635-287-9743', 'bpitkaithly50@123-reg.co.uk', '2907 Holmberg Alley'),
(182, 'Schoen Inc', '323-933-3523', 'ckidde51@studiopress.com', '3 Fair Oaks Alley'),
(183, 'Stracke LLC', '697-798-5852', 'rfaloon52@redcross.org', '444 Ryan Terrace'),
(184, 'Hessel and Sons', '503-127-4259', 'khubner53@diigo.com', '3909 Toban Way'),
(185, 'Jones, Cremin and Cummerata', '627-684-8327', 'cmushrow54@prnewswire.com', '23 Cardinal Court'),
(186, 'Senger-Miller', '881-441-9188', 'dguare55@comcast.net', '09757 David Crossing'),
(187, 'Leffler Inc', '630-373-9039', 'mjopp56@bigcartel.com', '8 Mayfield Point'),
(188, 'Borer-Abernathy', '873-884-7051', 'cmuirhead57@gov.uk', '2 Schlimgen Drive'),
(189, 'Veum, Kuhn and Gorczany', '369-144-8407', 'pfalck58@noaa.gov', '02253 Chinook Junction'),
(190, 'Haag Inc', '660-978-2934', 'pohanessian59@aol.com', '09100 American Ash Avenue'),
(191, 'Oberbrunner-Collier', '511-820-2956', 'jbridson5a@t.co', '14732 South Hill'),
(192, 'Lehner-Hintz', '890-684-4143', 'smcquillin5b@gmpg.org', '67052 Elka Point'),
(193, 'Jerde, Heaney and Harber', '268-799-7302', 'thigginbottam5c@liveinternet.ru', '0 Macpherson Place'),
(194, 'Bernier-Bechtelar', '732-208-6320', 'smatskevich5d@51.la', '44 Delaware Drive'),
(195, 'Harris-Brakus', '402-432-7837', 'farton5e@nba.com', '62 Mendota Court'),
(196, 'Stoltenberg, Fahey and Rolfson', '663-911-8720', 'fcritchell5f@newyorker.com', '7086 Green Alley'),
(197, 'Corkery LLC', '118-506-3205', 'ndebell5g@blogtalkradio.com', '42021 Elka Junction'),
(198, 'Beahan Inc', '207-910-3657', 'dpittman5h@cargocollective.com', '770 Butternut Way'),
(199, 'Torp Group', '891-271-5022', 'nleonardi5i@amazon.co.uk', '812 Cottonwood Junction'),
(200, 'Goodwin-Wilkinson', '305-972-3621', 'ckynton5j@japanpost.jp', '1759 Meadow Vale Terrace'),
(201, 'Gerhold and Sons', '528-564-6656', 'xboolsen5k@ezinearticles.com', '75627 Green Ridge Circle'),
(202, 'Nikolaus, Turcotte and Wiegand', '800-999-2695', 'gsmitten5l@wikispaces.com', '29 Northview Crossing'),
(203, 'Auer, Satterfield and Emmerich', '341-679-4125', 'trannigan5m@a8.net', '7 Weeping Birch Drive'),
(204, 'Nienow Group', '952-743-9851', 'emcaster5n@blinklist.com', '98294 Gina Way'),
(205, 'Legros, Cassin and Hamill', '442-357-7411', 'mchapelhow5o@symantec.com', '737 International Road'),
(206, 'Tremblay, Collier and Heathcote', '744-606-1972', 'mspringer5p@skype.com', '6454 Springs Avenue'),
(207, 'Shanahan LLC', '537-890-7731', 'acheverton5q@twitter.com', '39 Fairview Hill'),
(208, 'Gleason-Nader', '553-530-1223', 'sporter5r@skype.com', '786 Sundown Drive'),
(209, 'Ondricka Inc', '935-968-3096', 'ccant5s@dyndns.org', '105 Morrow Road'),
(210, 'Ortiz Group', '532-304-2408', 'alindfors5t@umich.edu', '92 Prairieview Way'),
(211, 'Braun-Waters', '599-792-3844', 'wheavyside5u@amazon.co.jp', '18096 Mockingbird Street'),
(212, 'Murphy, Block and Kunze', '722-773-4719', 'gkareman5v@last.fm', '60572 Crownhardt Alley'),
(213, 'Hane, Morar and Frami', '723-231-4481', 'mmucci5w@tamu.edu', '49316 Dawn Avenue'),
(214, 'Schmeler, Block and Harber', '737-269-5466', 'nscardafield5x@columbia.edu', '047 Reinke Road'),
(215, 'Hahn and Sons', '325-938-0042', 'amaden5y@skyrock.com', '753 Commercial Road'),
(216, 'Kozey and Sons', '567-744-4565', 'mmeak5z@unicef.org', '29 Crowley Center'),
(217, 'DuBuque, Mills and Barrows', '435-888-8843', 'cfulham60@amazonaws.com', '09188 Kensington Street'),
(218, 'Corkery-Mertz', '603-927-3433', 'atallowin61@mapquest.com', '4 Mandrake Parkway'),
(219, 'Treutel LLC', '238-259-8595', 'wradoux62@google.com.br', '37 Hooker Junction'),
(220, 'Ebert, Dach and Towne', '968-801-8493', 'sstorcke63@sogou.com', '871 Gateway Park'),
(221, 'Leannon-Purdy', '581-428-2827', 'dscargill64@tiny.cc', '4216 Portage Terrace'),
(222, 'Pouros-Von', '404-342-6360', 'ddrohun65@nature.com', '902 Mariners Cove Pass'),
(223, 'Borer, Reichert and Wintheiser', '588-564-2656', 'bdormand66@example.com', '01 Bowman Plaza'),
(224, 'Hills-Mayer', '394-334-7633', 'lpill67@google.com.au', '883 Melody Place'),
(225, 'Bradtke-Simonis', '496-432-8447', 'fjaumet68@si.edu', '6037 Laurel Center'),
(226, 'Beier, Senger and DuBuque', '661-212-0755', 'smayger69@nationalgeographic.com', '321 Northwestern Hill'),
(227, 'Hilll, Buckridge and Parisian', '588-433-9139', 'anorcock6a@google.de', '61 Troy Way'),
(228, 'Runte Inc', '396-359-3283', 'dduny6b@ustream.tv', '691 Northwestern Hill'),
(229, 'Stoltenberg LLC', '521-213-0100', 'lcaldeiro6c@sphinn.com', '57 Beilfuss Avenue'),
(230, 'Champlin Inc', '182-765-2620', 'edorcey6d@cafepress.com', '48656 Northport Trail'),
(231, 'Weissnat Inc', '869-953-3292', 'chaville6e@shareasale.com', '04 Melby Crossing'),
(232, 'Heidenreich-Dicki', '349-877-0645', 'ihoudmont6f@time.com', '272 Helena Park'),
(233, 'Kunze-Cole', '581-453-9682', 'rwallerbridge6g@adobe.com', '2 Caliangt Point'),
(234, 'Rosenbaum, Gutkowski and Mills', '670-149-6466', 'ndoddemeade6h@163.com', '1913 Carpenter Park'),
(235, 'Franecki Inc', '531-399-3060', 'sksandra6i@smh.com.au', '0258 Parkside Park'),
(236, 'Goldner-Tromp', '208-908-1058', 'gellsbury6j@mail.ru', '8 Lyons Plaza'),
(237, 'Donnelly-Daugherty', '425-869-0582', 'lkoop6k@eepurl.com', '4081 Cascade Drive'),
(238, 'Howe-Murray', '422-776-6734', 'cchevis6l@yelp.com', '027 Upham Pass'),
(239, 'Hoppe Inc', '433-380-1561', 'blongland6m@samsung.com', '0 Lakeland Plaza'),
(240, 'Hansen-Mosciski', '199-210-3271', 'gmacieja6n@miibeian.gov.cn', '84921 Huxley Pass'),
(241, 'Cronin and Sons', '981-840-6488', 'rscading6o@squidoo.com', '4 Mccormick Terrace'),
(242, 'Lehner, Bergstrom and Braun', '310-547-4973', 'ipresman6p@mac.com', '3 Fisk Parkway'),
(243, 'Turner Group', '652-819-3240', 'mbracchi6q@imageshack.us', '68 Roxbury Park'),
(244, 'Mosciski-Wehner', '800-581-9516', 'hkneaphsey6r@kickstarter.com', '3868 Coolidge Terrace'),
(245, 'Raynor-Schultz', '457-796-6617', 'ewale6s@nih.gov', '4 Oneill Center'),
(246, 'Schamberger, Lesch and Goldner', '444-934-8822', 'aterbrug6t@simplemachines.org', '42 Fairfield Trail'),
(247, 'Pfannerstill and Sons', '263-621-3611', 'okment6u@washingtonpost.com', '8588 Nancy Court'),
(248, 'Hand, Rutherford and Prohaska', '599-573-6663', 'gbarnhart6v@msn.com', '7969 3rd Drive'),
(249, 'Williamson-Kertzmann', '551-596-2601', 'adalrymple6w@state.gov', '73 Fairview Park'),
(250, 'Goyette-Goyette', '705-677-5967', 'mkime6x@spotify.com', '616 Ramsey Junction'),
(253, 'SuperGerasTiekejas', '+370659696969', 'SuperGeras@tiekejas.lt', 'Studentu g. 50, Kaunas, Lietuva');

-- --------------------------------------------------------

--
-- Table structure for table `uzsakymai`
--

CREATE TABLE `uzsakymai` (
  `uz_nr` int(11) NOT NULL,
  `uzsakymo_data` date NOT NULL,
  `fk_DARBUOTOJAS` int(11) NOT NULL,
  `fk_pirkejas` int(11) NOT NULL
) ENGINE=InnoDB DEFAULT CHARSET=utf8 COLLATE=utf8_lithuanian_ci;

--
-- Dumping data for table `uzsakymai`
--

INSERT INTO `uzsakymai` (`uz_nr`, `uzsakymo_data`, `fk_DARBUOTOJAS`, `fk_pirkejas`) VALUES
(1, '2022-03-25', 1, 5),
(2, '2022-03-25', 1, 15),
(3, '2022-03-25', 1, 10),
(4, '2022-03-25', 1, 12),
(5, '2022-03-25', 1, 13),
(6, '2022-03-25', 1, 11),
(7, '2022-03-25', 1, 10),
(8, '2022-03-25', 1, 15),
(9, '2022-03-25', 1, 16),
(10, '2022-03-25', 1, 5),
(11, '2022-03-25', 1, 9),
(12, '2022-03-25', 1, 1),
(13, '2022-03-25', 1, 2),
(14, '2022-03-25', 1, 3),
(15, '2022-03-25', 1, 4),
(16, '2022-03-25', 1, 5),
(17, '2022-03-25', 1, 6),
(18, '2022-03-25', 1, 7),
(19, '2022-03-25', 1, 8),
(20, '2022-03-25', 1, 9),
(21, '2022-03-25', 1, 10),
(22, '2022-03-25', 1, 11),
(23, '2022-03-25', 1, 12),
(24, '2022-03-25', 1, 13),
(25, '2022-03-25', 1, 14),
(26, '2022-03-25', 1, 15),
(27, '2022-03-25', 1, 1),
(28, '2022-03-25', 1, 12),
(29, '2022-03-25', 1, 3),
(30, '2022-03-25', 1, 12),
(31, '2022-03-25', 1, 2),
(32, '2022-03-25', 1, 14),
(33, '2022-03-25', 1, 11),
(34, '2022-03-25', 1, 3),
(35, '2022-03-25', 1, 4),
(36, '2022-03-25', 1, 7),
(37, '2022-03-25', 1, 8),
(38, '2022-03-25', 1, 9),
(39, '2022-03-25', 1, 7),
(40, '2022-03-25', 1, 5),
(41, '2022-03-25', 1, 2),
(42, '2022-03-25', 1, 3),
(43, '2022-03-25', 1, 4),
(44, '2022-03-25', 1, 15),
(45, '2022-03-25', 1, 6),
(46, '2022-03-25', 1, 6),
(47, '2022-03-25', 1, 1),
(48, '2022-03-25', 1, 5),
(49, '2022-03-25', 1, 1),
(50, '2022-03-25', 1, 4),
(51, '2022-03-25', 1, 1),
(52, '2022-03-25', 1, 6),
(53, '2022-03-25', 1, 1),
(54, '2022-03-25', 1, 7),
(55, '2022-03-25', 1, 1),
(56, '2022-03-25', 1, 6),
(57, '2022-03-25', 1, 1),
(58, '2022-03-25', 1, 1),
(59, '2022-03-25', 1, 9),
(60, '2022-03-25', 1, 8),
(61, '2022-03-25', 1, 1),
(62, '2022-03-25', 1, 7),
(63, '2022-03-25', 1, 1),
(64, '2022-03-25', 1, 6),
(65, '2022-03-25', 1, 1),
(66, '2022-03-25', 1, 5),
(67, '2022-03-25', 1, 1),
(68, '2022-03-25', 1, 4),
(69, '2022-03-25', 1, 1),
(70, '2022-03-25', 1, 12),
(71, '2022-03-25', 1, 1),
(72, '2022-03-25', 1, 3),
(73, '2022-03-25', 1, 11),
(74, '2022-03-25', 1, 1),
(75, '2022-03-25', 1, 1),
(76, '2022-03-25', 1, 13),
(77, '2022-03-25', 1, 1),
(78, '2022-03-25', 1, 1),
(79, '2022-03-25', 1, 8),
(80, '2022-03-25', 1, 1),
(81, '2022-03-25', 1, 7),
(82, '2022-03-25', 1, 1),
(83, '2022-03-25', 1, 9),
(84, '2022-03-25', 1, 1),
(85, '2022-03-25', 1, 10),
(86, '2022-03-25', 1, 1),
(87, '2022-03-25', 1, 6),
(88, '2022-03-25', 1, 5),
(89, '2022-03-25', 1, 4),
(90, '2022-03-25', 1, 3),
(91, '2022-03-25', 1, 12),
(92, '2022-03-25', 1, 1),
(93, '2022-03-25', 1, 10),
(94, '2022-03-25', 1, 9),
(95, '2022-03-25', 1, 8),
(96, '2022-03-25', 1, 7),
(97, '2022-03-25', 1, 6),
(98, '2022-03-25', 1, 4),
(99, '2022-03-25', 1, 2),
(100, '2022-03-25', 1, 13),
(101, '2022-03-25', 1, 5),
(102, '2022-03-25', 1, 7),
(103, '2022-03-25', 1, 8),
(104, '2022-03-25', 1, 9),
(105, '2022-03-25', 1, 10),
(106, '2022-03-25', 1, 11),
(107, '2022-03-25', 1, 12),
(108, '2022-03-25', 1, 11),
(109, '2022-03-25', 1, 10),
(110, '2022-03-25', 1, 9),
(111, '2022-03-25', 1, 8),
(112, '2022-03-25', 1, 7),
(113, '2022-03-25', 1, 6),
(114, '2022-03-25', 1, 5),
(115, '2022-03-25', 1, 4),
(116, '2022-03-25', 1, 3),
(117, '2022-03-25', 1, 2),
(118, '2022-03-25', 1, 1),
(119, '2022-03-25', 1, 15),
(120, '2022-03-25', 1, 14),
(121, '2022-03-25', 1, 13),
(122, '2022-03-25', 1, 12),
(123, '2022-03-25', 1, 11),
(124, '2022-03-25', 1, 10),
(125, '2022-03-25', 1, 9),
(126, '2022-03-25', 1, 8),
(127, '2022-03-25', 1, 7),
(128, '2022-03-25', 1, 6),
(129, '2022-03-25', 1, 5),
(130, '2022-03-25', 1, 4),
(131, '2022-03-25', 1, 3),
(132, '2022-03-25', 1, 2),
(133, '2022-03-25', 1, 1),
(134, '2022-03-25', 1, 2),
(135, '2022-03-25', 1, 3),
(136, '2022-03-25', 1, 15),
(137, '2022-03-25', 1, 14),
(138, '2022-03-25', 1, 13),
(139, '2022-03-25', 1, 12),
(140, '2022-03-25', 1, 11),
(141, '2022-03-25', 1, 10),
(142, '2022-03-25', 1, 9),
(143, '2022-03-25', 1, 8),
(144, '2022-03-25', 1, 7),
(145, '2022-03-25', 1, 6),
(146, '2022-03-25', 1, 5),
(147, '2022-03-25', 1, 4),
(148, '2022-03-25', 1, 3),
(149, '2022-03-25', 1, 2),
(150, '2022-03-25', 1, 12);

--
-- Indexes for dumped tables
--

--
-- Indexes for table `atminties_tipai`
--
ALTER TABLE `atminties_tipai`
  ADD PRIMARY KEY (`id_atminties_tipai`);

--
-- Indexes for table `ausinimai`
--
ALTER TABLE `ausinimai`
  ADD PRIMARY KEY (`id_ausinimai`);

--
-- Indexes for table `biurai`
--
ALTER TABLE `biurai`
  ADD PRIMARY KEY (`id_BIURAS`);

--
-- Indexes for table `darbuotojai`
--
ALTER TABLE `darbuotojai`
  ADD PRIMARY KEY (`kodas`),
  ADD KEY `fkc_BIURAS` (`fk_BIURAS`);

--
-- Indexes for table `kietieji_diskai`
--
ALTER TABLE `kietieji_diskai`
  ADD PRIMARY KEY (`id_KIETASIS_DISKAS`),
  ADD KEY `Tipas` (`Tipas`),
  ADD KEY `fkc_KOMPIUTERIS` (`fk_KOMPIUTERIS`);

--
-- Indexes for table `klientai`
--
ALTER TABLE `klientai`
  ADD PRIMARY KEY (`klient_d`);

--
-- Indexes for table `kompiuteriai`
--
ALTER TABLE `kompiuteriai`
  ADD PRIMARY KEY (`komp_id`),
  ADD KEY `ausinimas` (`ausinimas`),
  ADD KEY `motinines_plokstes_tipas` (`motinines_plokstes_tipas`),
  ADD KEY `korpusas` (`korpusas`),
  ADD KEY `fkc_TIEKEJAS` (`fk_TIEKEJAS`),
  ADD KEY `fkc_UZSAKYMAS` (`fk_UZSAKYMAS`);

--
-- Indexes for table `korpusu_tipai`
--
ALTER TABLE `korpusu_tipai`
  ADD PRIMARY KEY (`id_korpusu_tipai`);

--
-- Indexes for table `miestai`
--
ALTER TABLE `miestai`
  ADD PRIMARY KEY (`id_MIESTAS`),
  ADD KEY `fkm_BIURAS` (`fk_BIURAS`);

--
-- Indexes for table `mokejimai`
--
ALTER TABLE `mokejimai`
  ADD PRIMARY KEY (`id_MOKEJIMAS`),
  ADD KEY `fkc_moketojas` (`fk_moketojas`),
  ADD KEY `fkc_SASKAITA` (`fk_SASKAITA`);

--
-- Indexes for table `mokesciai`
--
ALTER TABLE `mokesciai`
  ADD PRIMARY KEY (`id_MOKESTIS`);

--
-- Indexes for table `motininiu_tipai`
--
ALTER TABLE `motininiu_tipai`
  ADD PRIMARY KEY (`id_motininiu_tipai`);

--
-- Indexes for table `papildomi_mokesciai`
--
ALTER TABLE `papildomi_mokesciai`
  ADD KEY `fkp_UZSAKYMAS` (`fk_UZSAKYMAS`),
  ADD KEY `fkc_MOKESTIS` (`fk_MOKESTIS`);

--
-- Indexes for table `saskaitos`
--
ALTER TABLE `saskaitos`
  ADD PRIMARY KEY (`sask_nr`),
  ADD UNIQUE KEY `fk_UZSAKYMAS` (`fk_UZSAKYMAS`);

--
-- Indexes for table `tiekejai`
--
ALTER TABLE `tiekejai`
  ADD PRIMARY KEY (`tiekej_d`);

--
-- Indexes for table `uzsakymai`
--
ALTER TABLE `uzsakymai`
  ADD PRIMARY KEY (`uz_nr`),
  ADD KEY `fkc_DARBUOTOJAS` (`fk_DARBUOTOJAS`),
  ADD KEY `fku_pirkejas` (`fk_pirkejas`);

--
-- AUTO_INCREMENT for dumped tables
--

--
-- AUTO_INCREMENT for table `biurai`
--
ALTER TABLE `biurai`
  MODIFY `id_BIURAS` int(11) NOT NULL AUTO_INCREMENT, AUTO_INCREMENT=251;

--
-- AUTO_INCREMENT for table `darbuotojai`
--
ALTER TABLE `darbuotojai`
  MODIFY `kodas` int(11) NOT NULL AUTO_INCREMENT, AUTO_INCREMENT=203;

--
-- AUTO_INCREMENT for table `kietieji_diskai`
--
ALTER TABLE `kietieji_diskai`
  MODIFY `id_KIETASIS_DISKAS` int(11) NOT NULL AUTO_INCREMENT, AUTO_INCREMENT=311;

--
-- AUTO_INCREMENT for table `klientai`
--
ALTER TABLE `klientai`
  MODIFY `klient_d` int(11) NOT NULL AUTO_INCREMENT, AUTO_INCREMENT=251;

--
-- AUTO_INCREMENT for table `kompiuteriai`
--
ALTER TABLE `kompiuteriai`
  MODIFY `komp_id` int(11) NOT NULL AUTO_INCREMENT, AUTO_INCREMENT=259;

--
-- AUTO_INCREMENT for table `miestai`
--
ALTER TABLE `miestai`
  MODIFY `id_MIESTAS` int(11) NOT NULL AUTO_INCREMENT, AUTO_INCREMENT=251;

--
-- AUTO_INCREMENT for table `mokejimai`
--
ALTER TABLE `mokejimai`
  MODIFY `id_MOKEJIMAS` int(11) NOT NULL AUTO_INCREMENT, AUTO_INCREMENT=1001;

--
-- AUTO_INCREMENT for table `mokesciai`
--
ALTER TABLE `mokesciai`
  MODIFY `id_MOKESTIS` int(11) NOT NULL AUTO_INCREMENT, AUTO_INCREMENT=251;

--
-- AUTO_INCREMENT for table `saskaitos`
--
ALTER TABLE `saskaitos`
  MODIFY `sask_nr` int(11) NOT NULL AUTO_INCREMENT, AUTO_INCREMENT=251;

--
-- AUTO_INCREMENT for table `tiekejai`
--
ALTER TABLE `tiekejai`
  MODIFY `tiekej_d` int(11) NOT NULL AUTO_INCREMENT, AUTO_INCREMENT=254;

--
-- AUTO_INCREMENT for table `uzsakymai`
--
ALTER TABLE `uzsakymai`
  MODIFY `uz_nr` int(11) NOT NULL AUTO_INCREMENT, AUTO_INCREMENT=259;

--
-- Constraints for dumped tables
--

--
-- Constraints for table `darbuotojai`
--
ALTER TABLE `darbuotojai`
  ADD CONSTRAINT `fkc_BIURAS` FOREIGN KEY (`fk_BIURAS`) REFERENCES `biurai` (`id_BIURAS`);

--
-- Constraints for table `kietieji_diskai`
--
ALTER TABLE `kietieji_diskai`
  ADD CONSTRAINT `fkc_KOMPIUTERIS` FOREIGN KEY (`fk_KOMPIUTERIS`) REFERENCES `kompiuteriai` (`komp_id`),
  ADD CONSTRAINT `kietieji_diskai_ibfk_1` FOREIGN KEY (`Tipas`) REFERENCES `atminties_tipai` (`id_atminties_tipai`);

--
-- Constraints for table `kompiuteriai`
--
ALTER TABLE `kompiuteriai`
  ADD CONSTRAINT `fkc_TIEKEJAS` FOREIGN KEY (`fk_TIEKEJAS`) REFERENCES `tiekejai` (`tiekej_d`),
  ADD CONSTRAINT `fkc_UZSAKYMAS` FOREIGN KEY (`fk_UZSAKYMAS`) REFERENCES `uzsakymai` (`uz_nr`),
  ADD CONSTRAINT `kompiuteriai_ibfk_1` FOREIGN KEY (`ausinimas`) REFERENCES `ausinimai` (`id_ausinimai`),
  ADD CONSTRAINT `kompiuteriai_ibfk_2` FOREIGN KEY (`motinines_plokstes_tipas`) REFERENCES `motininiu_tipai` (`id_motininiu_tipai`),
  ADD CONSTRAINT `kompiuteriai_ibfk_3` FOREIGN KEY (`korpusas`) REFERENCES `korpusu_tipai` (`id_korpusu_tipai`);

--
-- Constraints for table `miestai`
--
ALTER TABLE `miestai`
  ADD CONSTRAINT `fkm_BIURAS` FOREIGN KEY (`fk_BIURAS`) REFERENCES `biurai` (`id_BIURAS`);

--
-- Constraints for table `mokejimai`
--
ALTER TABLE `mokejimai`
  ADD CONSTRAINT `fkc_SASKAITA` FOREIGN KEY (`fk_SASKAITA`) REFERENCES `saskaitos` (`sask_nr`),
  ADD CONSTRAINT `fkc_moketojas` FOREIGN KEY (`fk_moketojas`) REFERENCES `klientai` (`klient_d`);

--
-- Constraints for table `papildomi_mokesciai`
--
ALTER TABLE `papildomi_mokesciai`
  ADD CONSTRAINT `fkc_MOKESTIS` FOREIGN KEY (`fk_MOKESTIS`) REFERENCES `mokesciai` (`id_MOKESTIS`),
  ADD CONSTRAINT `fkp_UZSAKYMAS` FOREIGN KEY (`fk_UZSAKYMAS`) REFERENCES `uzsakymai` (`uz_nr`);

--
-- Constraints for table `saskaitos`
--
ALTER TABLE `saskaitos`
  ADD CONSTRAINT `fks_UZSAKYMAS` FOREIGN KEY (`fk_UZSAKYMAS`) REFERENCES `uzsakymai` (`uz_nr`);

--
-- Constraints for table `uzsakymai`
--
ALTER TABLE `uzsakymai`
  ADD CONSTRAINT `fkc_DARBUOTOJAS` FOREIGN KEY (`fk_DARBUOTOJAS`) REFERENCES `darbuotojai` (`kodas`),
  ADD CONSTRAINT `fku_pirkejas` FOREIGN KEY (`fk_pirkejas`) REFERENCES `klientai` (`klient_d`);
COMMIT;

/*!40101 SET CHARACTER_SET_CLIENT=@OLD_CHARACTER_SET_CLIENT */;
/*!40101 SET CHARACTER_SET_RESULTS=@OLD_CHARACTER_SET_RESULTS */;
/*!40101 SET COLLATION_CONNECTION=@OLD_COLLATION_CONNECTION */;
